signal_id,timestamp,symbol,decision,coarse_result,fine_result,coarse_reason,fine_reason,box_score,rsi,atr
0,1726596000.0,XAUUSD,NONE,BOTH,NONE,趋势不明确,箱体质量不足,69.47537473233518,33.28075709779155,7.594285714285628
1,1726671600.0,XAUUSD,NONE,BOTH,NONE,趋势不明确,箱体质量不足,65.499762673528,58.71296591271137,4.587142857142713
2,1726747200.0,XAUUSD,SHORT_ONLY,SHORT_ONLY,SHORT_ONLY,下降趋势,价格接近上边界,100.0,60.40942448821942,8.772142857142788
3,1726822800.0,XAUUSD,SHORT_ONLY,LONG_ONLY,SHORT_ONLY,上升趋势,"RSI 超买, 价格接近上边界",70.51672938015177,78.93436838391014,4.065714285714323
4,1727071200.0,XAUUSD,SHORT_ONLY,LONG_ONLY,SHORT_ONLY,上升趋势,价格接近上边界,100.0,62.79667721518971,6.3264285714285835
5,1727146800.0,XAUUSD,LONG_ONLY,LONG_ONLY,LONG_ONLY,上升趋势,所有精筛规则通过,78.11948341540378,58.32944470368687,4.197857142857109
6,1727218800.0,XAUUSD,SHORT_ONLY,LONG_ONLY,SHORT_ONLY,上升趋势,"RSI 超买, 价格接近上边界",100.0,75.87028215463522,7.504285714285743
7,1727294400.0,XAUUSD,NONE,LONG_ONLY,NONE,上升趋势,箱体质量不足,63.312726266141574,48.83183568677753,6.3264285714286155
8,1727370000.0,XAUUSD,LONG_ONLY,LONG_ONLY,LONG_ONLY,上升趋势,所有精筛规则通过,100.0,55.613010842368716,8.029285714285638
9,1727445600.0,XAUUSD,NONE,LONG_ONLY,NONE,上升趋势,箱体质量不足,53.60816677748669,38.080251770259565,4.802142857142891
10,1727694000.0,XAUUSD,SHORT_ONLY,SHORT_ONLY,SHORT_ONLY,下降趋势,所有精筛规则通过,82.82876198969745,59.49853173706814,6.675714285714256
11,1727769600.0,XAUUSD,SHORT_ONLY,SHORT_ONLY,SHORT_ONLY,下降趋势,所有精筛规则通过,89.67891519707884,65.06576934842442,5.002142857142871
12,1727845200.0,XAUUSD,LONG_ONLY,LONG_ONLY,LONG_ONLY,上升趋势,所有精筛规则通过,100.0,58.76215738284688,8.037142857142888
13,1727920800.0,XAUUSD,NONE,BOTH,NONE,趋势不明确,箱体质量不足,68.78011890238818,60.13426284533964,6.164285714285727
14,1727992800.0,XAUUSD,SHORT_ONLY,BOTH,SHORT_ONLY,趋势不明确,价格接近上边界,85.35232219282322,54.93107104984102,8.013571428571465
15,1728068400.0,XAUUSD,NONE,NONE,NONE,"趋势不明确, 不适合交易时段",粗筛已拒绝,100.0,39.29581084554082,9.657142857142812
16,1728316800.0,XAUUSD,NONE,SHORT_ONLY,NONE,下降趋势,箱体质量不足,54.256398891966015,42.86541803436962,6.945714285714238
17,1728392400.0,XAUUSD,NONE,SHORT_ONLY,NONE,下降趋势,箱体质量不足,69.54242957139434,52.92650163116499,7.186428571428515
18,1728468000.0,XAUUSD,LONG_ONLY,SHORT_ONLY,LONG_ONLY,下降趋势,价格接近下边界,100.0,54.15151515151482,5.437142857142882
19,1728543600.0,XAUUSD,NONE,SHORT_ONLY,NONE,下降趋势,箱体质量不足,58.544485469631496,56.16319444444411,4.929999999999966
20,1728619200.0,XAUUSD,SHORT_ONLY,LONG_ONLY,SHORT_ONLY,上升趋势,价格接近上边界,100.0,70.64449064449015,7.7450000000000205
21,1728867600.0,XAUUSD,LONG_ONLY,LONG_ONLY,LONG_ONLY,上升趋势,所有精筛规则通过,92.59934717204669,55.66188197767181,6.423571428571352
22,1728939600.0,XAUUSD,LONG_ONLY,LONG_ONLY,LONG_ONLY,上升趋势,价格接近下边界,78.95484845421574,35.9594822734948,6.068571428571398
23,1729015200.0,XAUUSD,SHORT_ONLY,BOTH,SHORT_ONLY,趋势不明确,价格接近上边界,97.56942593678426,66.8604651162789,7.157857142857178
24,1729090800.0,XAUUSD,SHORT_ONLY,LONG_ONLY,SHORT_ONLY,上升趋势,价格接近上边界,86.87224562194793,74.52594810379227,5.227857142857114
25,1729166400.0,XAUUSD,NONE,LONG_ONLY,NONE,上升趋势,箱体质量不足,67.41900531621656,57.71698750422179,4.291428571428663
26,1729242000.0,XAUUSD,SHORT_ONLY,LONG_ONLY,SHORT_ONLY,上升趋势,价格接近上边界,100.0,72.40063593004805,4.976428571428609
27,1729490400.0,XAUUSD,SHORT_ONLY,LONG_ONLY,SHORT_ONLY,上升趋势,"RSI 超买, 价格接近上边界",100.0,80.80156950672662,5.4585714285714335
28,1729566000.0,XAUUSD,LONG_ONLY,LONG_ONLY,LONG_ONLY,上升趋势,所有精筛规则通过,89.27894829224678,39.22603342128378,6.4135714285714585
29,1729638000.0,XAUUSD,SHORT_ONLY,LONG_ONLY,SHORT_ONLY,上升趋势,价格接近上边界,95.63734442845245,63.52337739199067,6.324285714285777
30,1729713600.0,XAUUSD,LONG_ONLY,LONG_ONLY,LONG_ONLY,上升趋势,价格接近下边界,100.0,26.020241593208908,7.81285714285715
31,1729789200.0,XAUUSD,SHORT_ONLY,SHORT_ONLY,SHORT_ONLY,下降趋势,所有精筛规则通过,100.0,68.82372767104722,6.097857142857135
32,1729864800.0,XAUUSD,BOTH,BOTH,BOTH,趋势不明确,所有精筛规则通过,75.9544357133977,32.67857142857065,4.845714285714329
33,1730113200.0,XAUUSD,LONG_ONLY,LONG_ONLY,LONG_ONLY,上升趋势,所有精筛规则通过,81.42620777314033,37.815955766193014,6.714285714285779
34,1730188800.0,XAUUSD,SHORT_ONLY,LONG_ONLY,SHORT_ONLY,上升趋势,价格接近上边界,100.0,60.02098635886687,4.401428571428466
35,1730264400.0,XAUUSD,SHORT_ONLY,LONG_ONLY,SHORT_ONLY,上升趋势,"RSI 超买, 价格接近上边界",100.0,79.50988467874755,6.06142857142858
36,1730340000.0,XAUUSD,NONE,LONG_ONLY,NONE,上升趋势,箱体质量不足,64.11228271868787,55.37267080745351,6.127857142857173
37,1730412000.0,XAUUSD,LONG_ONLY,SHORT_ONLY,LONG_ONLY,下降趋势,"RSI 超卖, 价格接近下边界",100.0,24.25089892129428,8.554999999999934
38,1730487600.0,XAUUSD,NONE,NONE,NONE,"下降趋势, 不适合交易时段",粗筛已拒绝,69.7158405875666,42.71265560165946,7.2971428571428465
39,1730736000.0,XAUUSD,NONE,SHORT_ONLY,NONE,下降趋势,箱体质量不足,48.74671331692829,54.29826970612475,6.47571428571434
40,1730811600.0,XAUUSD,SHORT_ONLY,SHORT_ONLY,SHORT_ONLY,下降趋势,价格接近上边界,81.849105974705,55.5216284987279,5.5149999999999055
41,1730887200.0,XAUUSD,BOTH,BOTH,BOTH,趋势不明确,所有精筛规则通过,100.0,41.13467979295642,11.777857142857167
42,1730962800.0,XAUUSD,LONG_ONLY,SHORT_ONLY,LONG_ONLY,下降趋势,价格接近下边界,100.0,49.53662561889043,8.48214285714289
43,1731038400.0,XAUUSD,SHORT_ONLY,SHORT_ONLY,SHORT_ONLY,下降趋势,价格接近上边界,100.0,73.70578412023704,8.711428571428607
44,1731286800.0,XAUUSD,NONE,LONG_ONLY,NONE,上升趋势,箱体质量不足,63.71406817887884,45.97168597168577,7.191428571428593
45,1731358800.0,XAUUSD,LONG_ONLY,SHORT_ONLY,LONG_ONLY,下降趋势,"RSI 超卖, 价格接近下边界",100.0,16.313873533774142,9.109285714285695
46,1731434400.0,XAUUSD,LONG_ONLY,SHORT_ONLY,LONG_ONLY,下降趋势,价格接近下边界,95.68611714061626,34.652747571407886,8.962857142857144
47,1731510000.0,XAUUSD,NONE,SHORT_ONLY,NONE,下降趋势,箱体质量不足,59.59949988726911,73.16569066482938,5.976428571428642
48,1731585600.0,XAUUSD,LONG_ONLY,SHORT_ONLY,LONG_ONLY,下降趋势,"RSI 超卖, 价格接近下边界",100.0,20.301542776998005,8.65999999999992
49,1731661200.0,XAUUSD,SHORT_ONLY,SHORT_ONLY,SHORT_ONLY,下降趋势,所有精筛规则通过,88.65277142868968,38.76020295609952,6.237857142857105
50,1731909600.0,XAUUSD,SHORT_ONLY,LONG_ONLY,SHORT_ONLY,上升趋势,价格接近上边界,100.0,71.68839530017706,8.319999999999936
51,1731985200.0,XAUUSD,SHORT_ONLY,LONG_ONLY,SHORT_ONLY,上升趋势,"RSI 超买, 价格接近上边界",92.5999170832358,86.80720843250552,5.365000000000042
52,1732057200.0,XAUUSD,SHORT_ONLY,LONG_ONLY,SHORT_ONLY,上升趋势,价格接近上边界,92.38704792551508,61.005756857433205,7.2985714285713845
53,1732132800.0,XAUUSD,SHORT_ONLY,LONG_ONLY,SHORT_ONLY,上升趋势,价格接近上边界,100.0,61.15148127445522,6.87642857142857
54,1732208400.0,XAUUSD,SHORT_ONLY,LONG_ONLY,SHORT_ONLY,上升趋势,价格接近上边界,93.47627358098737,72.62658227848104,6.275000000000026
55,1732284000.0,XAUUSD,SHORT_ONLY,LONG_ONLY,SHORT_ONLY,上升趋势,"RSI 超买, 价格接近上边界",100.0,80.05009840758677,7.807857142857139
56,1732532400.0,XAUUSD,LONG_ONLY,LONG_ONLY,LONG_ONLY,上升趋势,价格接近下边界,100.0,27.94749403341268,13.085714285714273
57,1732608000.0,XAUUSD,LONG_ONLY,SHORT_ONLY,LONG_ONLY,下降趋势,价格接近下边界,100.0,45.69826289153342,9.842857142857188
58,1732683600.0,XAUUSD,NONE,SHORT_ONLY,NONE,下降趋势,箱体质量不足,68.87960261767672,57.40498034075992,7.478571428571448
59,1732759200.0,XAUUSD,LONG_ONLY,LONG_ONLY,LONG_ONLY,上升趋势,价格接近下边界,75.34308285629474,33.514492753623216,6.4235714285713845
60,1732842000.0,XAUUSD,BOTH,BOTH,BOTH,趋势不明确,所有精筛规则通过,95.6984279300096,53.204508856682494,4.781428571428543
61,1732914000.0,XAUUSD,NONE,NONE,NONE,"上升趋势, 不适合交易时段",粗筛已拒绝,100.0,37.840016119282446,6.599285714285737
62,1733169600.0,XAUUSD,SHORT_ONLY,SHORT_ONLY,SHORT_ONLY,下降趋势,所有精筛规则通过,80.47895654682874,60.09603841536584,7.3492857142856725
63,1733245200.0,XAUUSD,BOTH,BOTH,BOTH,趋势不明确,所有精筛规则通过,71.87568903691432,54.19978517722861,6.515000000000035
64,1733320800.0,XAUUSD,NONE,BOTH,NONE,趋势不明确,箱体质量不足,53.794460313133314,41.5218536071616,5.22000000000006
65,1733396400.0,XAUUSD,LONG_ONLY,LONG_ONLY,LONG_ONLY,上升趋势,所有精筛规则通过,78.96517412935316,44.070647603027815,5.330000000000057
66,1733472000.0,XAUUSD,SHORT_ONLY,SHORT_ONLY,SHORT_ONLY,下降趋势,所有精筛规则通过,100.0,49.374903534495765,7.587142857142843
67,1733720400.0,XAUUSD,NONE,BOTH,NONE,趋势不明确,箱体质量不足,68.8210369009005,50.177419354838904,9.240714285714278
68,1733796000.0,XAUUSD,SHORT_ONLY,LONG_ONLY,SHORT_ONLY,上升趋势,价格接近上边界,100.0,60.55293324342551,6.0764285714285835
69,1733868000.0,XAUUSD,SHORT_ONLY,LONG_ONLY,SHORT_ONLY,上升趋势,价格接近上边界,100.0,73.8252086078176,6.560000000000075
70,1733943600.0,XAUUSD,SHORT_ONLY,LONG_ONLY,SHORT_ONLY,上升趋势,价格接近上边界,100.0,68.62842070557215,9.526428571428628
71,1734019200.0,XAUUSD,LONG_ONLY,LONG_ONLY,LONG_ONLY,上升趋势,"RSI 超卖, 价格接近下边界",75.63801618748947,21.429648620117703,8.987857142857106
72,1734094800.0,XAUUSD,LONG_ONLY,SHORT_ONLY,LONG_ONLY,下降趋势,价格接近下边界,98.712077847738,32.74482109227871,6.132142857142851
73,1734343200.0,XAUUSD,SHORT_ONLY,SHORT_ONLY,SHORT_ONLY,下降趋势,所有精筛规则通过,88.73714291830407,52.716049382715674,5.110714285714201
74,1734418800.0,XAUUSD,NONE,SHORT_ONLY,NONE,下降趋势,箱体质量不足,62.64131840935971,47.44013212221353,4.137857142857131
75,1734494400.0,XAUUSD,SHORT_ONLY,SHORT_ONLY,SHORT_ONLY,下降趋势,所有精筛规则通过,79.15917544490472,57.65320941039772,5.328571428571422
76,1734570000.0,XAUUSD,LONG_ONLY,SHORT_ONLY,LONG_ONLY,下降趋势,"RSI 超卖, 价格接近下边界",100.0,9.090909090909435,8.996428571428623
77,1734642000.0,XAUUSD,SHORT_ONLY,SHORT_ONLY,SHORT_ONLY,下降趋势,所有精筛规则通过,87.93789492688174,41.224970553592705,8.112857142857106
78,1734717600.0,XAUUSD,NONE,NONE,NONE,"下降趋势, 不适合交易时段",粗筛已拒绝,100.0,81.10691264725567,6.407857142857113
79,1734966000.0,XAUUSD,NONE,LONG_ONLY,NONE,上升趋势,箱体质量不足,63.85904114675366,40.685341310851356,5.750000000000033
80,1735041600.0,XAUUSD,NONE,SHORT_ONLY,NONE,下降趋势,箱体质量不足,54.07712283087645,61.390762843799244,3.5935714285714573
81,1735214400.0,XAUUSD,SHORT_ONLY,BOTH,SHORT_ONLY,趋势不明确,"RSI 超买, 价格接近上边界",95.92558466061264,85.27946873270317,3.720714285714231
82,1735290000.0,XAUUSD,LONG_ONLY,LONG_ONLY,LONG_ONLY,上升趋势,所有精筛规则通过,76.92102056059983,53.393025447690874,3.9692857142857583
83,1735538400.0,XAUUSD,SHORT_ONLY,SHORT_ONLY,SHORT_ONLY,下降趋势,所有精筛规则通过,100.0,54.74492594624262,5.327857142857218
84,1735614000.0,XAUUSD,SHORT_ONLY,SHORT_ONLY,SHORT_ONLY,下降趋势,所有精筛规则通过,97.16780835636767,48.32178037212722,6.519285714285778
85,1735686000.0,XAUUSD,SHORT_ONLY,BOTH,SHORT_ONLY,趋势不明确,价格接近上边界,97.2252061215651,68.71468926553585,5.469285714285694
86,1735848000.0,XAUUSD,SHORT_ONLY,LONG_ONLY,SHORT_ONLY,上升趋势,"RSI 超买, 价格接近上边界",100.0,83.11728395061586,7.2085714285714335
87,1735923600.0,XAUUSD,NONE,NONE,NONE,"上升趋势, 不适合交易时段",粗筛已拒绝,73.15002503994619,27.347177537292268,5.84214285714279
88,1736172000.0,XAUUSD,SHORT_ONLY,SHORT_ONLY,SHORT_ONLY,下降趋势,价格接近上边界,89.24112502706322,55.97862391449555,6.424285714285751
89,1736247600.0,XAUUSD,SHORT_ONLY,SHORT_ONLY,SHORT_ONLY,下降趋势,价格接近上边界,89.6252862947049,64.13133832086518,3.9778571428571143
90,1736323200.0,XAUUSD,LONG_ONLY,LONG_ONLY,LONG_ONLY,上升趋势,所有精筛规则通过,81.9635902545065,59.91266375545859,4.216428571428618
91,1736398800.0,XAUUSD,LONG_ONLY,LONG_ONLY,LONG_ONLY,上升趋势,所有精筛规则通过,90.25771962020279,57.098943323727106,6.779285714285769
92,1736474400.0,XAUUSD,LONG_ONLY,LONG_ONLY,LONG_ONLY,上升趋势,所有精筛规则通过,82.14583562299147,60.74301034086538,5.030714285714274
93,1736546400.0,XAUUSD,NONE,NONE,NONE,"上升趋势, 不适合交易时段",粗筛已拒绝,100.0,63.54936929099625,8.1521428571428
94,1736794800.0,XAUUSD,LONG_ONLY,BOTH,LONG_ONLY,趋势不明确,"RSI 超卖, 价格接近下边界",94.66579875980679,19.277929155313075,7.154285714285769
95,1736870400.0,XAUUSD,NONE,SHORT_ONLY,NONE,下降趋势,箱体质量不足,62.878380420002735,40.96385542168713,5.689285714285721
96,1736946000.0,XAUUSD,SHORT_ONLY,LONG_ONLY,SHORT_ONLY,上升趋势,价格接近上边界,100.0,67.4890165596496,4.250714285714237
97,1737021600.0,XAUUSD,SHORT_ONLY,LONG_ONLY,SHORT_ONLY,上升趋势,价格接近上边界,89.68829127739491,69.09657320872287,4.215000000000048
98,1737097200.0,XAUUSD,LONG_ONLY,LONG_ONLY,LONG_ONLY,上升趋势,所有精筛规则通过,97.00340052980623,33.70139222275496,4.207142857142961
99,1737345600.0,XAUUSD,LONG_ONLY,BOTH,LONG_ONLY,趋势不明确,价格接近下边界,100.0,39.31882305521928,6.187857142857183
100,1737428400.0,XAUUSD,NONE,BOTH,NONE,趋势不明确,箱体质量不足,64.98149861239632,62.6561776955108,7.2028571428571855
101,1737500400.0,XAUUSD,SHORT_ONLY,LONG_ONLY,SHORT_ONLY,上升趋势,价格接近上边界,100.0,66.1732694819334,6.283571428571349
102,1737576000.0,XAUUSD,SHORT_ONLY,LONG_ONLY,SHORT_ONLY,上升趋势,价格接近上边界,76.00443319682005,55.86319218241025,7.22928571428575
103,1737651600.0,XAUUSD,BOTH,BOTH,BOTH,趋势不明确,所有精筛规则通过,96.60127268995167,40.84465445953866,5.882857142857152
104,1737727200.0,XAUUSD,SHORT_ONLY,LONG_ONLY,SHORT_ONLY,上升趋势,"RSI 超买, 价格接近上边界",100.0,84.74185174502445,5.442857142857195
105,1737975600.0,XAUUSD,LONG_ONLY,LONG_ONLY,LONG_ONLY,上升趋势,所有精筛规则通过,100.0,41.391184573002604,6.684285714285709
106,1738051200.0,XAUUSD,LONG_ONLY,SHORT_ONLY,LONG_ONLY,下降趋势,价格接近下边界,100.0,45.36686186703446,4.87928571428571
107,1738126800.0,XAUUSD,SHORT_ONLY,LONG_ONLY,SHORT_ONLY,上升趋势,"RSI 超买, 价格接近上边界",100.0,84.31137724550946,3.500714285714334
108,1738202400.0,XAUUSD,SHORT_ONLY,LONG_ONLY,SHORT_ONLY,上升趋势,价格接近上边界,100.0,48.9838613269578,5.972142857142899
109,1738274400.0,XAUUSD,SHORT_ONLY,LONG_ONLY,SHORT_ONLY,上升趋势,"RSI 超买, 价格接近上边界",100.0,80.47735618115078,6.2885714285714585
110,1738350000.0,XAUUSD,NONE,NONE,NONE,"上升趋势, 不适合交易时段",粗筛已拒绝,100.0,65.75587334014361,6.408571428571382
111,1738598400.0,XAUUSD,SHORT_ONLY,BOTH,SHORT_ONLY,趋势不明确,"RSI 超买, 价格接近上边界",100.0,75.58949624866,8.71214285714281
112,1738674000.0,XAUUSD,NONE,LONG_ONLY,NONE,上升趋势,箱体质量不足,58.86135057471225,48.40439796191999,6.275000000000026
113,1738749600.0,XAUUSD,SHORT_ONLY,LONG_ONLY,SHORT_ONLY,上升趋势,"RSI 超买, 价格接近上边界",100.0,85.57258791704105,5.717857142857189
114,1738825200.0,XAUUSD,NONE,LONG_ONLY,NONE,上升趋势,箱体质量不足,60.32060951138564,46.77749360613812,7.363571428571406
115,1738900800.0,XAUUSD,SHORT_ONLY,SHORT_ONLY,SHORT_ONLY,下降趋势,价格接近上边界,97.9777263618327,52.47121346324221,6.98357142857133
116,1739149200.0,XAUUSD,BOTH,BOTH,BOTH,趋势不明确,所有精筛规则通过,100.0,50.918635170603835,9.817857142857163
117,1739221200.0,XAUUSD,SHORT_ONLY,LONG_ONLY,SHORT_ONLY,上升趋势,价格接近上边界,100.0,74.68528717545202,8.445714285714237
118,1739296800.0,XAUUSD,LONG_ONLY,LONG_ONLY,LONG_ONLY,上升趋势,所有精筛规则通过,100.0,37.23635235732035,10.5142857142858
119,1739372400.0,XAUUSD,LONG_ONLY,SHORT_ONLY,LONG_ONLY,下降趋势,价格接近下边界,72.78663052823947,33.68644067796667,8.640000000000034
120,1739448000.0,XAUUSD,SHORT_ONLY,LONG_ONLY,SHORT_ONLY,上升趋势,"RSI 超买, 价格接近上边界",100.0,79.2562463683906,6.2871428571428885
121,1739523600.0,XAUUSD,SHORT_ONLY,LONG_ONLY,SHORT_ONLY,上升趋势,价格接近上边界,94.28408442669667,72.00686947988292,5.392142857142777
122,1739772000.0,XAUUSD,SHORT_ONLY,SHORT_ONLY,SHORT_ONLY,下降趋势,所有精筛规则通过,100.0,36.78717853149465,11.22000000000006
123,1739854800.0,XAUUSD,NONE,SHORT_ONLY,NONE,下降趋势,箱体质量不足,48.56878863794401,59.0040532715688,5.032142857142811
124,1739930400.0,XAUUSD,SHORT_ONLY,LONG_ONLY,SHORT_ONLY,上升趋势,价格接近上边界,100.0,70.3631010794897,5.944285714285797
125,1740002400.0,XAUUSD,LONG_ONLY,LONG_ONLY,LONG_ONLY,上升趋势,所有精筛规则通过,81.9022293682946,53.34518422753704,8.160714285714318
126,1740078000.0,XAUUSD,LONG_ONLY,LONG_ONLY,LONG_ONLY,上升趋势,所有精筛规则通过,88.50119273844632,48.5719992011186,8.13714285714283
127,1740153600.0,XAUUSD,NONE,NONE,NONE,"下降趋势, 不适合交易时段",粗筛已拒绝,76.45066979402388,44.5825932504441,9.547857142857149
128,1740402000.0,XAUUSD,NONE,BOTH,NONE,趋势不明确,箱体质量不足,66.91205480045967,61.47293700088768,8.235714285714298
129,1740477600.0,XAUUSD,NONE,LONG_ONLY,NONE,上升趋势,箱体质量不足,68.18637156737752,47.86184210526352,6.186428571428548
130,1740553200.0,XAUUSD,SHORT_ONLY,SHORT_ONLY,SHORT_ONLY,下降趋势,所有精筛规则通过,100.0,39.675383228133285,10.41285714285719
131,1740628800.0,XAUUSD,SHORT_ONLY,SHORT_ONLY,SHORT_ONLY,下降趋势,所有精筛规则通过,77.36458663287883,42.18093342180908,7.124285714285699
132,1740704400.0,XAUUSD,LONG_ONLY,SHORT_ONLY,LONG_ONLY,下降趋势,价格接近下边界,100.0,46.22270446222722,9.754999999999947
133,1740776400.0,XAUUSD,NONE,NONE,NONE,"下降趋势, 不适合交易时段",粗筛已拒绝,100.0,39.556191839656215,9.411428571428587
134,1741024800.0,XAUUSD,SHORT_ONLY,LONG_ONLY,SHORT_ONLY,上升趋势,价格接近上边界,100.0,73.6270368135186,7.477857142857082
135,1741100400.0,XAUUSD,SHORT_ONLY,LONG_ONLY,SHORT_ONLY,上升趋势,价格接近上边界,100.0,74.80711698945056,8.54071428571433
136,1741176000.0,XAUUSD,NONE,LONG_ONLY,NONE,上升趋势,箱体质量不足,62.16617571877208,46.48780487804873,7.6807142857143
137,1741251600.0,XAUUSD,LONG_ONLY,LONG_ONLY,LONG_ONLY,上升趋势,所有精筛规则通过,76.49833507680786,36.26373626373631,6.230000000000018
138,1741327200.0,XAUUSD,SHORT_ONLY,SHORT_ONLY,SHORT_ONLY,下降趋势,所有精筛规则通过,77.18869762909996,52.65141995476215,7.588571428571413
139,1741575600.0,XAUUSD,BOTH,BOTH,BOTH,趋势不明确,所有精筛规则通过,72.50121559414207,46.17380025940322,9.240000000000075
140,1741647600.0,XAUUSD,LONG_ONLY,SHORT_ONLY,LONG_ONLY,下降趋势,价格接近下边界,92.88509644298416,33.24916943521612,10.848571428571404
141,1741723200.0,XAUUSD,SHORT_ONLY,BOTH,SHORT_ONLY,趋势不明确,"RSI 超买, 价格接近上边界",100.0,78.96924355777219,6.588571428571478
142,1741798800.0,XAUUSD,NONE,LONG_ONLY,NONE,上升趋势,箱体质量不足,66.80596977907945,60.44597823201471,7.23071428571432
143,1741874400.0,XAUUSD,SHORT_ONLY,LONG_ONLY,SHORT_ONLY,上升趋势,价格接近上边界,100.0,65.08490346592237,5.647857142857122
144,1741950000.0,XAUUSD,SHORT_ONLY,LONG_ONLY,SHORT_ONLY,上升趋势,价格接近上边界,100.0,66.11177170035651,6.5300000000000376
145,1742198400.0,XAUUSD,LONG_ONLY,LONG_ONLY,LONG_ONLY,上升趋势,价格接近下边界,70.2988627347261,51.15251026207771,5.320000000000001
146,1742274000.0,XAUUSD,SHORT_ONLY,LONG_ONLY,SHORT_ONLY,上升趋势,价格接近上边界,90.68561174069998,65.0548466532346,5.991428571428709
147,1742349600.0,XAUUSD,SHORT_ONLY,LONG_ONLY,SHORT_ONLY,上升趋势,价格接近上边界,100.0,55.33834586466201,6.3700000000000205
148,1742421600.0,XAUUSD,SHORT_ONLY,LONG_ONLY,SHORT_ONLY,上升趋势,价格接近上边界,81.02180824362773,52.396391316605644,9.039999999999964
149,1742497200.0,XAUUSD,LONG_ONLY,LONG_ONLY,LONG_ONLY,上升趋势,所有精筛规则通过,84.84323129753886,42.838468720821616,8.059285714285709
150,1742572800.0,XAUUSD,NONE,NONE,NONE,"下降趋势, 不适合交易时段",粗筛已拒绝,84.22962833711452,16.045796308953996,7.872142857142827
151,1742821200.0,XAUUSD,SHORT_ONLY,SHORT_ONLY,SHORT_ONLY,下降趋势,价格接近上边界,90.55901904729124,58.95710681244759,7.01928571428568
152,1742896800.0,XAUUSD,LONG_ONLY,SHORT_ONLY,LONG_ONLY,下降趋势,价格接近下边界,88.58818314745838,51.98575732675953,5.033571428571544
153,1742972400.0,XAUUSD,LONG_ONLY,BOTH,LONG_ONLY,趋势不明确,价格接近下边界,84.2490151211328,30.899351564702442,5.200714285714249
154,1743048000.0,XAUUSD,NONE,BOTH,NONE,趋势不明确,箱体质量不足,66.32632908210662,50.53593947036593,5.276428571428531
155,1743123600.0,XAUUSD,SHORT_ONLY,LONG_ONLY,SHORT_ONLY,上升趋势,价格接近上边界,100.0,63.37349397590368,8.080714285714262
156,1743195600.0,XAUUSD,NONE,NONE,NONE,"上升趋势, 不适合交易时段",粗筛已拒绝,84.29468561470712,54.248839907192746,10.289285714285663
157,1743444000.0,XAUUSD,SHORT_ONLY,LONG_ONLY,SHORT_ONLY,上升趋势,价格接近上边界,100.0,62.068527918781896,11.493571428571451
158,1743519600.0,XAUUSD,LONG_ONLY,LONG_ONLY,LONG_ONLY,上升趋势,所有精筛规则通过,81.59845864031168,58.85215640208088,9.205714285714294
159,1743595200.0,XAUUSD,SHORT_ONLY,SHORT_ONLY,SHORT_ONLY,下降趋势,价格接近上边界,75.77985964205384,62.23573704025508,8.728571428571351
160,1743670800.0,XAUUSD,LONG_ONLY,LONG_ONLY,LONG_ONLY,上升趋势,所有精筛规则通过,100.0,50.879109963246236,16.541428571428632
161,1743746400.0,XAUUSD,SHORT_ONLY,SHORT_ONLY,SHORT_ONLY,下降趋势,所有精筛规则通过,88.08343675564876,60.09445100354191,16.487857142857138
162,1743994800.0,XAUUSD,LONG_ONLY,SHORT_ONLY,LONG_ONLY,下降趋势,"RSI 超卖, 价格接近下边界",100.0,21.028885546854795,30.037142857142822
163,1744066800.0,XAUUSD,LONG_ONLY,SHORT_ONLY,LONG_ONLY,下降趋势,价格接近下边界,73.93145366775671,29.873737373737526,19.695714285714303
164,1744142400.0,XAUUSD,LONG_ONLY,SHORT_ONLY,LONG_ONLY,下降趋势,价格接近下边界,72.87754758628952,44.77562692476893,12.624285714285666
165,1744218000.0,XAUUSD,SHORT_ONLY,LONG_ONLY,SHORT_ONLY,上升趋势,"RSI 超买, 价格接近上边界",100.0,79.45384464624019,19.408571428571413
166,1744293600.0,XAUUSD,SHORT_ONLY,LONG_ONLY,SHORT_ONLY,上升趋势,价格接近上边界,79.68556215240362,72.17703601985832,15.30428571428573
167,1744369200.0,XAUUSD,SHORT_ONLY,LONG_ONLY,SHORT_ONLY,上升趋势,"RSI 超买, 价格接近上边界",100.0,76.00430065487237,16.24000000000001
168,1744617600.0,XAUUSD,NONE,LONG_ONLY,NONE,上升趋势,箱体质量不足,43.22566363442689,51.89738107963643,13.787857142857092
169,1744693200.0,XAUUSD,NONE,SHORT_ONLY,NONE,下降趋势,箱体质量不足,66.44221647662837,50.55865921787712,11.415714285714298
170,1744768800.0,XAUUSD,SHORT_ONLY,LONG_ONLY,SHORT_ONLY,上升趋势,价格接近上边界,71.51588936234099,70.10670223407777,9.220714285714264
171,1744840800.0,XAUUSD,SHORT_ONLY,LONG_ONLY,SHORT_ONLY,上升趋势,"RSI 超买, 价格接近上边界",100.0,87.22019368153651,13.906428571428576
172,1744916400.0,XAUUSD,LONG_ONLY,LONG_ONLY,LONG_ONLY,上升趋势,所有精筛规则通过,100.0,37.57837393360053,14.678571428571429
173,1745251200.0,XAUUSD,SHORT_ONLY,LONG_ONLY,SHORT_ONLY,上升趋势,"RSI 超买, 价格接近上边界",100.0,84.9034749034747,13.041428571428664
174,1745326800.0,XAUUSD,LONG_ONLY,LONG_ONLY,LONG_ONLY,上升趋势,所有精筛规则通过,100.0,59.14541782378183,20.32499999999995
175,1745402400.0,XAUUSD,LONG_ONLY,SHORT_ONLY,LONG_ONLY,下降趋势,价格接近下边界,100.0,35.68992248062007,28.224999999999973
176,1745478000.0,XAUUSD,SHORT_ONLY,SHORT_ONLY,SHORT_ONLY,下降趋势,所有精筛规则通过,85.79956065664574,64.87240104261377,21.59214285714282
177,1745553600.0,XAUUSD,LONG_ONLY,LONG_ONLY,LONG_ONLY,上升趋势,所有精筛规则通过,75.79352518896478,56.34702457956028,15.822857142857076
178,1745802000.0,XAUUSD,SHORT_ONLY,SHORT_ONLY,SHORT_ONLY,下降趋势,所有精筛规则通过,100.0,51.58461231811856,16.221428571428564
179,1745874000.0,XAUUSD,SHORT_ONLY,SHORT_ONLY,SHORT_ONLY,下降趋势,价格接近上边界,85.82985640977797,70.33967170485955,15.32928571428569
180,1745949600.0,XAUUSD,LONG_ONLY,LONG_ONLY,LONG_ONLY,上升趋势,价格接近下边界,78.61886624520618,40.13748597081912,12.907142857142844
181,1746025200.0,XAUUSD,SHORT_ONLY,SHORT_ONLY,SHORT_ONLY,下降趋势,所有精筛规则通过,100.0,38.13579094727,13.440714285714193
182,1746100800.0,XAUUSD,LONG_ONLY,SHORT_ONLY,LONG_ONLY,下降趋势,"RSI 超卖, 价格接近下边界",100.0,14.95075343042329,15.715714285714219
183,1746176400.0,XAUUSD,SHORT_ONLY,SHORT_ONLY,SHORT_ONLY,下降趋势,"RSI 超买, 价格接近上边界",77.00667237616884,77.47774928345157,10.828571428571422
184,1746424800.0,XAUUSD,LONG_ONLY,LONG_ONLY,LONG_ONLY,上升趋势,所有精筛规则通过,78.192268114548,51.663482967208,15.481428571428523
185,1746500400.0,XAUUSD,SHORT_ONLY,LONG_ONLY,SHORT_ONLY,上升趋势,价格接近上边界,100.0,68.4732554020548,10.054999999999998
186,1746572400.0,XAUUSD,SHORT_ONLY,LONG_ONLY,SHORT_ONLY,上升趋势,"RSI 超买, 价格接近上边界",100.0,88.3990176587529,13.183571428571375
187,1746648000.0,XAUUSD,LONG_ONLY,LONG_ONLY,LONG_ONLY,上升趋势,所有精筛规则通过,83.05706366984353,55.51902301550027,12.424285714285686
188,1746723600.0,XAUUSD,SHORT_ONLY,SHORT_ONLY,SHORT_ONLY,下降趋势,所有精筛规则通过,100.0,42.31435722995964,18.006428571428614
189,1746799200.0,XAUUSD,SHORT_ONLY,SHORT_ONLY,SHORT_ONLY,下降趋势,所有精筛规则通过,100.0,61.27990727709248,16.065714285714357
190,1747047600.0,XAUUSD,LONG_ONLY,SHORT_ONLY,LONG_ONLY,下降趋势,"RSI 超卖, 价格接近下边界",100.0,20.102726626960276,20.374285714285666
191,1747123200.0,XAUUSD,NONE,SHORT_ONLY,NONE,下降趋势,箱体质量不足,55.61031568239147,61.3069544364509,12.312857142857183
192,1747198800.0,XAUUSD,NONE,BOTH,NONE,趋势不明确,箱体质量不足,66.76045908922623,40.10585829423807,11.265714285714271
193,1747274400.0,XAUUSD,LONG_ONLY,SHORT_ONLY,LONG_ONLY,下降趋势,价格接近下边界,100.0,29.638048609896884,13.572142857142808
194,1747346400.0,XAUUSD,SHORT_ONLY,SHORT_ONLY,SHORT_ONLY,下降趋势,"RSI 超买, 价格接近上边界",100.0,92.70841974284531,15.027142857142833
195,1747422000.0,XAUUSD,NONE,NONE,NONE,"上升趋势, 不适合交易时段",粗筛已拒绝,100.0,38.42817948491015,17.41785714285717
196,1747670400.0,XAUUSD,SHORT_ONLY,LONG_ONLY,SHORT_ONLY,上升趋势,价格接近上边界,81.96687339954666,47.93150220413715,14.954285714285723
197,1747746000.0,XAUUSD,NONE,LONG_ONLY,NONE,上升趋势,箱体质量不足,65.96162030533493,51.509277208529696,10.492857142857149
198,1747821600.0,XAUUSD,SHORT_ONLY,LONG_ONLY,SHORT_ONLY,上升趋势,价格接近上边界,100.0,65.26804225491165,12.432142857142837
199,1747897200.0,XAUUSD,SHORT_ONLY,LONG_ONLY,SHORT_ONLY,上升趋势,价格接近上边界,91.83845120042119,73.43099045827171,9.933571428571506
200,1747972800.0,XAUUSD,SHORT_ONLY,SHORT_ONLY,SHORT_ONLY,下降趋势,所有精筛规则通过,89.50745289407286,58.14245371823046,14.69142857142856
201,1748221200.0,XAUUSD,SHORT_ONLY,LONG_ONLY,SHORT_ONLY,上升趋势,价格接近上边界,100.0,57.757912042745446,12.664285714285727
202,1748293200.0,XAUUSD,NONE,LONG_ONLY,NONE,上升趋势,箱体质量不足,66.46402952304015,40.19633169723592,6.6007142857142105
203,1748376000.0,XAUUSD,LONG_ONLY,SHORT_ONLY,LONG_ONLY,下降趋势,价格接近下边界,100.0,25.971370143149414,13.432142857142837
204,1748451600.0,XAUUSD,NONE,SHORT_ONLY,NONE,下降趋势,箱体质量不足,66.06559773868099,45.430929095354514,11.039285714285663
205,1748527200.0,XAUUSD,SHORT_ONLY,SHORT_ONLY,SHORT_ONLY,下降趋势,价格接近上边界,100.0,55.952634947727965,14.040714285714232
206,1748602800.0,XAUUSD,LONG_ONLY,LONG_ONLY,LONG_ONLY,上升趋势,"RSI 超卖, 价格接近下边界",79.01578189479432,23.084200567643506,9.773571428571488
207,1748851200.0,XAUUSD,SHORT_ONLY,BOTH,SHORT_ONLY,趋势不明确,"RSI 超买, 价格接近上边界",76.26992263957446,75.8733762138982,10.08428571428567
208,1748926800.0,XAUUSD,SHORT_ONLY,LONG_ONLY,SHORT_ONLY,上升趋势,价格接近上边界,100.0,59.667231551379,10.62714285714284
209,1749002400.0,XAUUSD,LONG_ONLY,LONG_ONLY,LONG_ONLY,上升趋势,所有精筛规则通过,90.90430195595872,48.414918414918304,8.419285714285738
210,1749074400.0,XAUUSD,SHORT_ONLY,BOTH,SHORT_ONLY,趋势不明确,价格接近上边界,79.11729663460659,62.207538994800714,11.45357142857139
211,1749150000.0,XAUUSD,LONG_ONLY,LONG_ONLY,LONG_ONLY,上升趋势,价格接近下边界,100.0,42.108224702241436,14.208571428571465
212,1749225600.0,XAUUSD,NONE,NONE,NONE,"下降趋势, 不适合交易时段",粗筛已拒绝,61.627000631575456,36.05646493467475,10.577142857142787
213,1749474000.0,XAUUSD,SHORT_ONLY,SHORT_ONLY,SHORT_ONLY,下降趋势,所有精筛规则通过,100.0,51.70746449078287,9.405714285714339
214,1749549600.0,XAUUSD,SHORT_ONLY,SHORT_ONLY,SHORT_ONLY,下降趋势,价格接近上边界,84.70688573525626,44.22843256379097,8.586428571428444
215,1749625200.0,XAUUSD,SHORT_ONLY,LONG_ONLY,SHORT_ONLY,上升趋势,价格接近上边界,70.57504428880054,48.71868289191127,9.077142857142851
216,1749700800.0,XAUUSD,SHORT_ONLY,LONG_ONLY,SHORT_ONLY,上升趋势,价格接近上边界,98.86740959745325,73.30767489246108,14.11928571428572
217,1749776400.0,XAUUSD,SHORT_ONLY,LONG_ONLY,SHORT_ONLY,上升趋势,价格接近上边界,91.35643826297253,74.46194225721788,11.44714285714284
218,1749848400.0,XAUUSD,NONE,NONE,NONE,"上升趋势, 不适合交易时段",粗筛已拒绝,100.0,57.6938972310236,12.280000000000005
219,1750096800.0,XAUUSD,LONG_ONLY,LONG_ONLY,LONG_ONLY,上升趋势,所有精筛规则通过,100.0,29.730026338893822,11.378571428571506
220,1750172400.0,XAUUSD,NONE,SHORT_ONLY,NONE,下降趋势,箱体质量不足,60.22047664315173,44.4851547694252,10.755714285714314
221,1750248000.0,XAUUSD,NONE,SHORT_ONLY,NONE,下降趋势,箱体质量不足,64.22356475075047,45.86909871244645,8.232142857142922
222,1750323600.0,XAUUSD,LONG_ONLY,SHORT_ONLY,LONG_ONLY,下降趋势,"RSI 超卖, 价格接近下边界",75.19991232716576,23.365471527568843,10.227857142857179
223,1750406400.0,XAUUSD,LONG_ONLY,SHORT_ONLY,LONG_ONLY,下降趋势,价格接近下边界,70.1657279380762,29.15023305844393,8.831428571428562
224,1750654800.0,XAUUSD,SHORT_ONLY,SHORT_ONLY,SHORT_ONLY,下降趋势,所有精筛规则通过,100.0,58.85531810365997,11.371428571428591
225,1750730400.0,XAUUSD,LONG_ONLY,LONG_ONLY,LONG_ONLY,上升趋势,价格接近下边界,83.4577401564703,42.307355132813306,13.835000000000036
226,1750802400.0,XAUUSD,SHORT_ONLY,SHORT_ONLY,SHORT_ONLY,下降趋势,所有精筛规则通过,93.99160520863488,44.82969860328345,11.785714285714318
227,1750878000.0,XAUUSD,NONE,SHORT_ONLY,NONE,下降趋势,箱体质量不足,65.6232877027696,56.20404411764703,7.671428571428578
228,1750953600.0,XAUUSD,LONG_ONLY,LONG_ONLY,LONG_ONLY,上升趋势,价格接近下边界,74.84887138816548,36.39008172877124,9.79642857142861
229,1751029200.0,XAUUSD,LONG_ONLY,SHORT_ONLY,LONG_ONLY,下降趋势,"RSI 超卖, 价格接近下边界",100.0,16.510401406387373,9.877142857142937
230,1751277600.0,XAUUSD,SHORT_ONLY,SHORT_ONLY,SHORT_ONLY,下降趋势,价格接近上边界,89.4916215154075,63.982430453879616,10.247857142857097
231,1751353200.0,XAUUSD,SHORT_ONLY,LONG_ONLY,SHORT_ONLY,上升趋势,"RSI 超买, 价格接近上边界",100.0,81.92327022951912,7.264285714285701
232,1751428800.0,XAUUSD,LONG_ONLY,LONG_ONLY,LONG_ONLY,上升趋势,所有精筛规则通过,100.0,29.48654037886331,7.360714285714266
233,1751504400.0,XAUUSD,SHORT_ONLY,LONG_ONLY,SHORT_ONLY,上升趋势,价格接近上边界,86.35657072231582,73.06060091665228,7.421428571428578
234,1751576400.0,XAUUSD,BOTH,BOTH,BOTH,趋势不明确,所有精筛规则通过,100.0,39.082661290322356,11.604285714285684
235,1751652000.0,XAUUSD,NONE,NONE,NONE,"下降趋势, 不适合交易时段",粗筛已拒绝,55.513294011723,53.33147477000266,5.8328571428571
236,1751914800.0,XAUUSD,SHORT_ONLY,SHORT_ONLY,SHORT_ONLY,下降趋势,所有精筛规则通过,100.0,64.58039215686264,9.141428571428605
237,1751990400.0,XAUUSD,NONE,LONG_ONLY,NONE,上升趋势,箱体质量不足,67.89379132610334,28.47918058338901,7.248571428571495
238,1752066000.0,XAUUSD,LONG_ONLY,SHORT_ONLY,LONG_ONLY,下降趋势,价格接近下边界,100.0,43.40796019900534,7.78285714285721
239,1752141600.0,XAUUSD,SHORT_ONLY,LONG_ONLY,SHORT_ONLY,上升趋势,价格接近上边界,100.0,60.08724100327185,6.392142857142907
240,1752217200.0,XAUUSD,NONE,LONG_ONLY,NONE,上升趋势,箱体质量不足,67.93368378487627,76.07512248230901,6.202142857142787
241,1752465600.0,XAUUSD,LONG_ONLY,LONG_ONLY,LONG_ONLY,上升趋势,所有精筛规则通过,100.0,61.497056349873944,9.047142857142976
242,1752541200.0,XAUUSD,LONG_ONLY,LONG_ONLY,LONG_ONLY,上升趋势,价格接近下边界,79.71346368386932,31.238367931281147,7.844285714285694
243,1752613200.0,XAUUSD,LONG_ONLY,SHORT_ONLY,LONG_ONLY,下降趋势,"RSI 超卖, 价格接近下边界",100.0,22.31244483671705,9.738571428571438
244,1752688800.0,XAUUSD,NONE,SHORT_ONLY,NONE,下降趋势,箱体质量不足,61.50252430110791,59.80024968789003,10.585714285714305
245,1752764400.0,XAUUSD,LONG_ONLY,BOTH,LONG_ONLY,趋势不明确,"RSI 超卖, 价格接近下边界",100.0,14.896472392638657,8.235714285714266
246,1752840000.0,XAUUSD,SHORT_ONLY,BOTH,SHORT_ONLY,趋势不明确,价格接近上边界,100.0,65.19902156993581,5.787857142857027
247,1753088400.0,XAUUSD,SHORT_ONLY,LONG_ONLY,SHORT_ONLY,上升趋势,价格接近上边界,82.29921596071634,68.18858560794095,5.812142857142882
248,1753164000.0,XAUUSD,SHORT_ONLY,LONG_ONLY,SHORT_ONLY,上升趋势,价格接近上边界,100.0,55.43824701195224,6.795714285714309
249,1753239600.0,XAUUSD,SHORT_ONLY,LONG_ONLY,SHORT_ONLY,上升趋势,"RSI 超买, 价格接近上边界",100.0,87.67705382436264,8.407142857142876
250,1753311600.0,XAUUSD,LONG_ONLY,LONG_ONLY,LONG_ONLY,上升趋势,价格接近下边界,100.0,26.90860541327855,9.777857142857133
251,1753387200.0,XAUUSD,SHORT_ONLY,SHORT_ONLY,SHORT_ONLY,下降趋势,所有精筛规则通过,97.19264598902168,39.529914529914684,8.87785714285714
252,1753462800.0,XAUUSD,NONE,NONE,NONE,"下降趋势, 不适合交易时段",粗筛已拒绝,100.0,11.451551129834613,7.769285714285713
253,1753711200.0,XAUUSD,NONE,SHORT_ONLY,NONE,下降趋势,箱体质量不足,67.73273513859985,49.844582593250074,7.630714285714281
254,1753786800.0,XAUUSD,SHORT_ONLY,SHORT_ONLY,SHORT_ONLY,下降趋势,所有精筛规则通过,91.15359156274863,67.00918233493645,6.84642857142863
255,1753862400.0,XAUUSD,NONE,BOTH,NONE,趋势不明确,箱体质量不足,56.26680622980966,45.30690231669477,6.144999999999917
256,1753938000.0,XAUUSD,SHORT_ONLY,SHORT_ONLY,SHORT_ONLY,下降趋势,所有精筛规则通过,100.0,35.14159292035414,11.301428571428557
257,1754013600.0,XAUUSD,NONE,SHORT_ONLY,NONE,下降趋势,箱体质量不足,57.86830022657307,30.922112802148945,7.970714285714296
258,1754085600.0,XAUUSD,NONE,NONE,NONE,"上升趋势, 不适合交易时段",粗筛已拒绝,100.0,86.08364112951278,11.53642857142849
259,1754334000.0,XAUUSD,LONG_ONLY,LONG_ONLY,LONG_ONLY,上升趋势,所有精筛规则通过,85.99442213888678,62.45911388641064,8.58928571428565
260,1754409600.0,XAUUSD,SHORT_ONLY,LONG_ONLY,SHORT_ONLY,上升趋势,价格接近上边界,98.51771298166426,47.44634610160267,7.750714285714366
261,1754485200.0,XAUUSD,LONG_ONLY,LONG_ONLY,LONG_ONLY,上升趋势,价格接近下边界,86.89140017015951,31.58399233165582,5.962857142857176
262,1754560800.0,XAUUSD,SHORT_ONLY,BOTH,SHORT_ONLY,趋势不明确,价格接近上边界,84.1285217964658,69.31000971817295,7.102142857142813
263,1754636400.0,XAUUSD,LONG_ONLY,LONG_ONLY,LONG_ONLY,上升趋势,所有精筛规则通过,72.34387672343836,56.24665596575698,11.007142857142819
264,1754884800.0,XAUUSD,NONE,LONG_ONLY,NONE,上升趋势,箱体质量不足,45.41428336442142,45.487321235428304,12.797142857142783
265,1754960400.0,XAUUSD,LONG_ONLY,SHORT_ONLY,LONG_ONLY,下降趋势,价格接近下边界,80.20910929019864,41.23216428857156,10.313571428571354
266,1755032400.0,XAUUSD,NONE,SHORT_ONLY,NONE,下降趋势,箱体质量不足,59.60867265996932,45.55971973276853,11.154285714285704
267,1755108000.0,XAUUSD,NONE,BOTH,NONE,趋势不明确,箱体质量不足,69.95466361466795,56.570327552986654,7.728571428571448
268,1755183600.0,XAUUSD,LONG_ONLY,BOTH,LONG_ONLY,趋势不明确,价格接近下边界,92.8079701120793,44.0284601050316,9.149285714285659
269,1755259200.0,XAUUSD,SHORT_ONLY,SHORT_ONLY,SHORT_ONLY,下降趋势,所有精筛规则通过,71.26459230325429,56.50029019152668,5.432857142857172
270,1755507600.0,XAUUSD,SHORT_ONLY,BOTH,SHORT_ONLY,趋势不明确,价格接近上边界,100.0,55.336322869955055,7.589999999999918
271,1755583200.0,XAUUSD,BOTH,BOTH,BOTH,趋势不明确,所有精筛规则通过,92.06049778626112,40.07415858528244,5.274999999999993
272,1755658800.0,XAUUSD,LONG_ONLY,SHORT_ONLY,LONG_ONLY,下降趋势,"RSI 超卖, 价格接近下边界",100.0,20.551061678463398,6.116428571428547
273,1755730800.0,XAUUSD,SHORT_ONLY,BOTH,SHORT_ONLY,趋势不明确,"RSI 超买, 价格接近上边界",100.0,80.78239608801951,6.0850000000000035
274,1755806400.0,XAUUSD,LONG_ONLY,LONG_ONLY,LONG_ONLY,上升趋势,所有精筛规则通过,96.32547594016559,47.052782912302405,7.3478571428571025
275,1755882000.0,XAUUSD,NONE,NONE,NONE,"下降趋势, 不适合交易时段",粗筛已拒绝,74.21189293155985,72.190500908383,8.317142857142926
276,1756130400.0,XAUUSD,SHORT_ONLY,LONG_ONLY,SHORT_ONLY,上升趋势,价格接近上边界,100.0,48.71323529411757,4.895714285714218
277,1756206000.0,XAUUSD,SHORT_ONLY,LONG_ONLY,SHORT_ONLY,上升趋势,价格接近上边界,100.0,54.53228143616176,8.759285714285657
278,1756281600.0,XAUUSD,NONE,LONG_ONLY,NONE,上升趋势,箱体质量不足,69.04901029873729,47.59874326750458,5.451428571428518
279,1756357200.0,XAUUSD,LONG_ONLY,LONG_ONLY,LONG_ONLY,上升趋势,所有精筛规则通过,86.38355240984218,66.11661166116612,6.291428571428631
280,1756432800.0,XAUUSD,SHORT_ONLY,LONG_ONLY,SHORT_ONLY,上升趋势,价格接近上边界,100.0,63.550682823620356,6.867857142857117
281,1756504800.0,XAUUSD,NONE,NONE,NONE,"上升趋势, 不适合交易时段",粗筛已拒绝,100.0,80.81871345029299,8.041428571428598
282,1756753200.0,XAUUSD,SHORT_ONLY,LONG_ONLY,SHORT_ONLY,上升趋势,价格接近上边界,99.43525628735651,41.227593699076685,8.668571428571406
283,1756836000.0,XAUUSD,SHORT_ONLY,LONG_ONLY,SHORT_ONLY,上升趋势,价格接近上边界,100.0,63.31493010689516,11.721428571428532
284,1756911600.0,XAUUSD,SHORT_ONLY,LONG_ONLY,SHORT_ONLY,上升趋势,价格接近上边界,74.54564778403616,66.19954303122617,9.522857142857154
285,1756987200.0,XAUUSD,LONG_ONLY,LONG_ONLY,LONG_ONLY,上升趋势,所有精筛规则通过,100.0,28.881202607423205,11.62214285714273
286,1757062800.0,XAUUSD,NONE,BOTH,NONE,趋势不明确,箱体质量不足,48.157860882129356,49.710117823078406,7.867857142857052
287,1757311200.0,XAUUSD,SHORT_ONLY,LONG_ONLY,SHORT_ONLY,上升趋势,价格接近上边界,100.0,52.92576419213964,11.182857142857172
288,1757386800.0,XAUUSD,SHORT_ONLY,LONG_ONLY,SHORT_ONLY,上升趋势,价格接近上边界,100.0,71.84792219275009,8.663571428571393
289,1757458800.0,XAUUSD,LONG_ONLY,LONG_ONLY,LONG_ONLY,上升趋势,价格接近下边界,93.78362971511201,36.393777097679134,12.13357142857142
290,1757534400.0,XAUUSD,SHORT_ONLY,BOTH,SHORT_ONLY,趋势不明确,价格接近上边界,76.40429107788438,60.90436174469797,8.643571428571445
291,1757610000.0,XAUUSD,SHORT_ONLY,SHORT_ONLY,SHORT_ONLY,下降趋势,所有精筛规则通过,86.76925936408252,37.50217429118112,11.20071428571425
292,1757685600.0,XAUUSD,NONE,BOTH,NONE,趋势不明确,箱体质量不足,68.52037896101878,61.853058269996545,6.736428571428568
293,1757934000.0,XAUUSD,LONG_ONLY,LONG_ONLY,LONG_ONLY,上升趋势,所有精筛规则通过,82.82588946560404,46.3721030972489,6.477857142857114
294,1758009600.0,XAUUSD,SHORT_ONLY,LONG_ONLY,SHORT_ONLY,上升趋势,价格接近上边界,100.0,65.92531120331918,7.577857142857121
295,1758085200.0,XAUUSD,NONE,LONG_ONLY,NONE,上升趋势,箱体质量不足,67.23212862784027,36.399927417891156,8.033571428571479
296,1758160800.0,XAUUSD,SHORT_ONLY,SHORT_ONLY,SHORT_ONLY,下降趋势,所有精筛规则通过,100.0,52.29854549315211,13.282857142857145
297,1758232800.0,XAUUSD,NONE,SHORT_ONLY,NONE,下降趋势,箱体质量不足,68.3285505441552,47.629093831625326,11.372142857142924
298,1758308400.0,XAUUSD,NONE,NONE,NONE,"下降趋势, 不适合交易时段",粗筛已拒绝,97.73163028815858,65.04742742167285,9.612857142857138
299,1758556800.0,XAUUSD,SHORT_ONLY,LONG_ONLY,SHORT_ONLY,上升趋势,"RSI 超买, 价格接近上边界",100.0,77.63177998472091,9.885714285714325
300,1758632400.0,XAUUSD,SHORT_ONLY,LONG_ONLY,SHORT_ONLY,上升趋势,价格接近上边界,100.0,70.61633461493633,10.707857142857133
301,1758708000.0,XAUUSD,NONE,LONG_ONLY,NONE,上升趋势,箱体质量不足,63.992934759906454,48.716525600110735,10.481428571428685
302,1758783600.0,XAUUSD,SHORT_ONLY,SHORT_ONLY,SHORT_ONLY,下降趋势,所有精筛规则通过,100.0,36.008180943214484,11.082857142857133
303,1758859200.0,XAUUSD,NONE,SHORT_ONLY,NONE,下降趋势,箱体质量不足,66.18684375841286,39.389983384761415,13.768571428571509
304,1759107600.0,XAUUSD,SHORT_ONLY,LONG_ONLY,SHORT_ONLY,上升趋势,价格接近上边界,93.19116022845907,61.69392645067177,11.250714285714334
305,1759179600.0,XAUUSD,SHORT_ONLY,LONG_ONLY,SHORT_ONLY,上升趋势,价格接近上边界,100.0,59.10372040586254,12.559285714285709
306,1759255200.0,XAUUSD,LONG_ONLY,LONG_ONLY,LONG_ONLY,上升趋势,所有精筛规则通过,100.0,47.179990191270285,19.030000000000005
307,1759330800.0,XAUUSD,LONG_ONLY,LONG_ONLY,LONG_ONLY,上升趋势,所有精筛规则通过,91.90020295619016,56.05459636024247,11.762857142857131
308,1759406400.0,XAUUSD,NONE,LONG_ONLY,NONE,上升趋势,箱体质量不足,62.26412367737267,65.42243262927911,9.33142857142853
309,1759482000.0,XAUUSD,SHORT_ONLY,SHORT_ONLY,SHORT_ONLY,下降趋势,所有精筛规则通过,100.0,70.84516565246814,9.917857142857104
310,1759730400.0,XAUUSD,SHORT_ONLY,LONG_ONLY,SHORT_ONLY,上升趋势,"RSI 超买, 价格接近上边界",100.0,78.95120174799709,13.154285714285672
311,1759806000.0,XAUUSD,SHORT_ONLY,LONG_ONLY,SHORT_ONLY,上升趋势,价格接近上边界,84.48317949295722,65.12460826742326,13.455714285714228
312,1759878000.0,XAUUSD,SHORT_ONLY,LONG_ONLY,SHORT_ONLY,上升趋势,价格接近上边界,79.77868229798516,66.49751917004934,13.33499999999997
313,1759953600.0,XAUUSD,SHORT_ONLY,LONG_ONLY,SHORT_ONLY,上升趋势,价格接近上边界,100.0,72.6571250777845,13.542142857142867
314,1760029200.0,XAUUSD,LONG_ONLY,LONG_ONLY,LONG_ONLY,上升趋势,所有精筛规则通过,70.30429662945207,50.48272128485075,16.469285714285757
315,1760104800.0,XAUUSD,SHORT_ONLY,SHORT_ONLY,SHORT_ONLY,下降趋势,所有精筛规则通过,83.46016122488528,55.030487804877914,17.078571428571554
316,1760353200.0,XAUUSD,SHORT_ONLY,LONG_ONLY,SHORT_ONLY,上升趋势,"RSI 超买, 价格接近上边界",100.0,89.02634389462446,20.833571428571435
317,1760428800.0,XAUUSD,LONG_ONLY,LONG_ONLY,LONG_ONLY,上升趋势,所有精筛规则通过,100.0,59.11198966015382,18.751428571428505
318,1760504400.0,XAUUSD,SHORT_ONLY,LONG_ONLY,SHORT_ONLY,上升趋势,价格接近上边界,85.98082058365736,69.74732334047134,18.72000000000006
319,1760580000.0,XAUUSD,NONE,LONG_ONLY,NONE,上升趋势,箱体质量不足,60.76633855772836,50.88658414185353,17.552142857142826
320,1760652000.0,XAUUSD,SHORT_ONLY,LONG_ONLY,SHORT_ONLY,上升趋势,"RSI 超买, 价格接近上边界",100.0,92.21527320605661,18.82928571428556
321,1760727600.0,XAUUSD,NONE,NONE,NONE,"上升趋势, 不适合交易时段",粗筛已拒绝,100.0,24.606866002214815,35.834285714285606
322,1760976000.0,XAUUSD,SHORT_ONLY,SHORT_ONLY,SHORT_ONLY,下降趋势,价格接近上边界,89.11803511620825,66.21802805280535,24.51928571428581
323,1761051600.0,XAUUSD,LONG_ONLY,LONG_ONLY,LONG_ONLY,上升趋势,"RSI 超卖, 价格接近下边界",100.0,21.580005482957205,26.540000000000028
324,1761127200.0,XAUUSD,SHORT_ONLY,SHORT_ONLY,SHORT_ONLY,下降趋势,所有精筛规则通过,100.0,55.36067736969436,33.591428571428615
325,1761202800.0,XAUUSD,SHORT_ONLY,SHORT_ONLY,SHORT_ONLY,下降趋势,所有精筛规则通过,75.57563844126535,53.40206185567015,27.742857142857183
326,1761278400.0,XAUUSD,NONE,LONG_ONLY,NONE,上升趋势,箱体质量不足,67.7336999848301,53.797019162526695,19.734285714285697
327,1761526800.0,XAUUSD,SHORT_ONLY,SHORT_ONLY,SHORT_ONLY,下降趋势,所有精筛规则通过,94.55825413586754,52.28781842327657,25.532857142857146
328,1761598800.0,XAUUSD,LONG_ONLY,SHORT_ONLY,LONG_ONLY,下降趋势,价格接近下边界,100.0,29.82159514925371,23.298571428571417
329,1761674400.0,XAUUSD,SHORT_ONLY,SHORT_ONLY,SHORT_ONLY,下降趋势,所有精筛规则通过,100.0,39.776442520102485,25.805714285714334
330,1761750000.0,XAUUSD,SHORT_ONLY,BOTH,SHORT_ONLY,趋势不明确,"RSI 超买, 价格接近上边界",100.0,78.99468219802469,19.57999999999999
331,1761825600.0,XAUUSD,SHORT_ONLY,BOTH,SHORT_ONLY,趋势不明确,价格接近上边界,96.87055990367256,56.717375366568824,28.311428571428547
332,1761901200.0,XAUUSD,LONG_ONLY,LONG_ONLY,LONG_ONLY,上升趋势,所有精筛规则通过,71.37225611021218,55.870151420867145,19.078571428571326
333,1762149600.0,XAUUSD,LONG_ONLY,LONG_ONLY,LONG_ONLY,上升趋势,所有精筛规则通过,76.08365480441454,43.638525564803906,20.59571428571423
334,1762225200.0,XAUUSD,NONE,BOTH,NONE,趋势不明确,箱体质量不足,59.66222309271146,42.014129380800526,15.700714285714184
335,1762297200.0,XAUUSD,LONG_ONLY,SHORT_ONLY,LONG_ONLY,下降趋势,"RSI 超卖, 价格接近下边界",89.76972828515726,19.23915197146826,17.49571428571432
336,1762372800.0,XAUUSD,SHORT_ONLY,SHORT_ONLY,SHORT_ONLY,下降趋势,价格接近上边界,78.900939985539,58.893915073690486,13.713571428571315
337,1762448400.0,XAUUSD,LONG_ONLY,LONG_ONLY,LONG_ONLY,上升趋势,价格接近下边界,95.02196103072092,51.649265453201586,12.239999999999943
338,1762524000.0,XAUUSD,LONG_ONLY,LONG_ONLY,LONG_ONLY,上升趋势,所有精筛规则通过,78.0076116407284,61.59102000976098,11.629285714285677
339,1762772400.0,XAUUSD,SHORT_ONLY,LONG_ONLY,SHORT_ONLY,上升趋势,"RSI 超买, 价格接近上边界",100.0,87.7520696242836,12.687142857142883
340,1762848000.0,XAUUSD,SHORT_ONLY,LONG_ONLY,SHORT_ONLY,上升趋势,"RSI 超买, 价格接近上边界",100.0,77.54559729435904,11.168571428571502
341,1762923600.0,XAUUSD,LONG_ONLY,LONG_ONLY,LONG_ONLY,上升趋势,价格接近下边界,84.38449386316739,40.51833657999453,13.92428571428575
342,1762999200.0,XAUUSD,SHORT_ONLY,LONG_ONLY,SHORT_ONLY,上升趋势,"RSI 超买, 价格接近上边界",100.0,83.11371400683299,17.59000000000008
343,1763071200.0,XAUUSD,LONG_ONLY,LONG_ONLY,LONG_ONLY,上升趋势,价格接近下边界,100.0,35.52287174373676,21.912857142857188
344,1763146800.0,XAUUSD,NONE,NONE,NONE,"下降趋势, 不适合交易时段",粗筛已拒绝,100.0,25.660254320182688,28.26642857142867
345,1763395200.0,XAUUSD,NONE,SHORT_ONLY,NONE,下降趋势,箱体质量不足,50.99919872753192,47.37635705669481,19.986428571428537
346,1763470800.0,XAUUSD,SHORT_ONLY,SHORT_ONLY,SHORT_ONLY,下降趋势,所有精筛规则通过,78.27754509558497,49.30139720558891,17.729285714285716
347,1763546400.0,XAUUSD,SHORT_ONLY,LONG_ONLY,SHORT_ONLY,上升趋势,价格接近上边界,75.4537141794396,54.983730090768944,13.80142857142859
348,1763622000.0,XAUUSD,LONG_ONLY,LONG_ONLY,LONG_ONLY,上升趋势,价格接近下边界,96.59618252480884,31.539250588306174,22.560000000000077
349,1763697600.0,XAUUSD,NONE,SHORT_ONLY,NONE,下降趋势,箱体质量不足,62.79760390178559,48.92551505546756,21.71285714285708
350,1763946000.0,XAUUSD,SHORT_ONLY,SHORT_ONLY,SHORT_ONLY,下降趋势,所有精筛规则通过,76.69746545731938,60.64716863721223,21.84571428571423
351,1764018000.0,XAUUSD,SHORT_ONLY,LONG_ONLY,SHORT_ONLY,上升趋势,"RSI 超买, 价格接近上边界",100.0,83.96953742008259,14.32071428571427
352,1764093600.0,XAUUSD,NONE,LONG_ONLY,NONE,上升趋势,箱体质量不足,58.834874713461254,44.53756134390311,17.672142857142653
353,1764169200.0,XAUUSD,NONE,LONG_ONLY,NONE,上升趋势,箱体质量不足,67.06696509927205,60.37935784677295,13.667857142856974
354,1764244800.0,XAUUSD,NONE,LONG_ONLY,NONE,上升趋势,箱体质量不足,57.86058930997364,44.28884764636377,9.485000000000062
355,1764327600.0,XAUUSD,LONG_ONLY,LONG_ONLY,LONG_ONLY,上升趋势,所有精筛规则通过,98.79016374992969,55.763557975947315,10.281428571428544
356,1764583200.0,XAUUSD,SHORT_ONLY,LONG_ONLY,SHORT_ONLY,上升趋势,价格接近上边界,100.0,68.79237676378993,17.514999999999873
357,1764658800.0,XAUUSD,LONG_ONLY,LONG_ONLY,LONG_ONLY,上升趋势,所有精筛规则通过,80.3979406354434,38.40680587780399,13.648571428571424
358,1764734400.0,XAUUSD,SHORT_ONLY,SHORT_ONLY,SHORT_ONLY,下降趋势,价格接近上边界,84.55128190725746,57.7954028053171,16.119285714285848
359,1764810000.0,XAUUSD,NONE,BOTH,NONE,趋势不明确,箱体质量不足,67.9829050158662,50.37020074803461,16.19571428571414
360,1764882000.0,XAUUSD,NONE,SHORT_ONLY,NONE,下降趋势,箱体质量不足,66.08000590527334,66.6706615532116,12.417142857142997
361,1764957600.0,XAUUSD,NONE,NONE,NONE,"上升趋势, 不适合交易时段",粗筛已拒绝,100.0,54.60114529231589,13.237857142857203
362,1765206000.0,XAUUSD,LONG_ONLY,BOTH,LONG_ONLY,趋势不明确,价格接近下边界,82.34581148192525,50.23863350916862,11.069999999999968
363,1765281600.0,XAUUSD,SHORT_ONLY,SHORT_ONLY,SHORT_ONLY,下降趋势,价格接近上边界,79.95105761824361,62.174600891701836,9.927857142857127
364,1765357200.0,XAUUSD,NONE,LONG_ONLY,NONE,上升趋势,箱体质量不足,56.97506467945877,42.800918333880226,8.463571428571608
365,1765432800.0,XAUUSD,LONG_ONLY,LONG_ONLY,LONG_ONLY,上升趋势,所有精筛规则通过,100.0,56.29360322295344,15.899285714285725
366,1765508400.0,XAUUSD,SHORT_ONLY,LONG_ONLY,SHORT_ONLY,上升趋势,"RSI 超买, 价格接近上边界",100.0,75.34953551656206,16.540000000000095
367,1765580400.0,XAUUSD,NONE,NONE,NONE,"上升趋势, 不适合交易时段",粗筛已拒绝,100.0,53.848497775611,21.867142857142944
368,1765828800.0,XAUUSD,LONG_ONLY,LONG_ONLY,LONG_ONLY,上升趋势,所有精筛规则通过,83.91290232710132,43.951612903226156,14.067142857142828
369,1765904400.0,XAUUSD,SHORT_ONLY,SHORT_ONLY,SHORT_ONLY,下降趋势,价格接近上边界,88.47297787450071,55.66302652106046,14.974285714285672
370,1765980000.0,XAUUSD,LONG_ONLY,LONG_ONLY,LONG_ONLY,上升趋势,所有精筛规则通过,71.23915211231458,59.81308411214958,11.604285714285847
371,1766055600.0,XAUUSD,NONE,LONG_ONLY,NONE,上升趋势,箱体质量不足,51.2335769506997,30.88014418744379,8.414285714285663
372,1766131200.0,XAUUSD,LONG_ONLY,BOTH,LONG_ONLY,趋势不明确,价格接近下边界,94.03280542986457,44.23626861256311,15.026428571428498
373,1766379600.0,XAUUSD,SHORT_ONLY,LONG_ONLY,SHORT_ONLY,上升趋势,"RSI 超买, 价格接近上边界",100.0,84.10150181253282,12.33499999999997
374,1766455200.0,XAUUSD,SHORT_ONLY,LONG_ONLY,SHORT_ONLY,上升趋势,"RSI 超买, 价格接近上边界",100.0,85.47386010981128,11.980714285714125
375,1766527200.0,XAUUSD,SHORT_ONLY,LONG_ONLY,SHORT_ONLY,上升趋势,价格接近上边界,100.0,56.109933373712984,15.835714285714337
376,1766602800.0,XAUUSD,LONG_ONLY,LONG_ONLY,LONG_ONLY,上升趋势,所有精筛规则通过,84.35424225576917,44.20129270544765,15.98857142857157
377,1766775600.0,XAUUSD,NONE,NONE,NONE,"上升趋势, 不适合交易时段",粗筛已拒绝,89.35120735584692,58.24919032196613,15.109999999999868
378,1767024000.0,XAUUSD,LONG_ONLY,SHORT_ONLY,LONG_ONLY,下降趋势,"RSI 超卖, 价格接近下边界",100.0,20.604890604890926,29.112857142857074
379,1767099600.0,XAUUSD,SHORT_ONLY,SHORT_ONLY,SHORT_ONLY,下降趋势,所有精筛规则通过,88.66666045751721,71.44832353957771,18.798571428571385
380,1767175200.0,XAUUSD,LONG_ONLY,SHORT_ONLY,LONG_ONLY,下降趋势,价格接近下边界,100.0,34.92010173232883,26.919285714285706
381,1767337200.0,XAUUSD,NONE,SHORT_ONLY,NONE,下降趋势,箱体质量不足,62.07957354123962,64.44704701355194,16.0700000000001
382,1767585600.0,XAUUSD,SHORT_ONLY,LONG_ONLY,SHORT_ONLY,上升趋势,价格接近上边界,100.0,53.64583333333334,22.104285714285716
383,1767661200.0,XAUUSD,SHORT_ONLY,LONG_ONLY,SHORT_ONLY,上升趋势,价格接近上边界,75.75532198537829,54.75998205473329,16.272857142857188
384,1767733200.0,XAUUSD,SHORT_ONLY,LONG_ONLY,SHORT_ONLY,上升趋势,价格接近上边界,82.40812616521751,62.043856712420805,16.42428571428562
385,1767808800.0,XAUUSD,LONG_ONLY,LONG_ONLY,LONG_ONLY,上升趋势,所有精筛规则通过,94.91067057979068,45.36362838845524,18.380000000000045
386,1767884400.0,XAUUSD,LONG_ONLY,SHORT_ONLY,LONG_ONLY,下降趋势,"RSI 超卖, 价格接近下边界",77.71875213014921,21.48701019089927,15.288571428571426
387,1767960000.0,XAUUSD,SHORT_ONLY,LONG_ONLY,SHORT_ONLY,上升趋势,价格接近上边界,88.2947638392368,64.29071558605312,11.952142857142851
388,1768208400.0,XAUUSD,SHORT_ONLY,LONG_ONLY,SHORT_ONLY,上升趋势,价格接近上边界,100.0,71.902296991265,20.90642857142861
389,1768284000.0,XAUUSD,NONE,LONG_ONLY,NONE,上升趋势,箱体质量不足,59.354316024396134,40.90438059349946,17.492142857142817
390,1768359600.0,XAUUSD,SHORT_ONLY,LONG_ONLY,SHORT_ONLY,上升趋势,价格接近上边界,77.53627480011842,62.15755960313945,20.156428571428673
391,1768431600.0,XAUUSD,NONE,LONG_ONLY,NONE,上升趋势,箱体质量不足,53.794298625659344,46.333014811275916,17.125000000000064
392,1768507200.0,XAUUSD,NONE,SHORT_ONLY,NONE,下降趋势,箱体质量不足,57.87077642734867,60.092585202330575,16.004999999999786
393,1768582800.0,XAUUSD,NONE,NONE,NONE,"下降趋势, 不适合交易时段",粗筛已拒绝,55.140854569343276,37.55299304731248,19.275714285714262
394,1768831200.0,XAUUSD,SHORT_ONLY,LONG_ONLY,SHORT_ONLY,上升趋势,价格接近上边界,100.0,73.15387413604957,18.93714285714298
395,1768914000.0,XAUUSD,SHORT_ONLY,LONG_ONLY,SHORT_ONLY,上升趋势,"RSI 超买, 价格接近上边界",100.0,76.42749812171276,13.787142857142953
396,1768989600.0,XAUUSD,SHORT_ONLY,LONG_ONLY,SHORT_ONLY,上升趋势,"RSI 超买, 价格接近上边界",100.0,81.84853746493911,23.66642857142876
397,1769065200.0,XAUUSD,LONG_ONLY,LONG_ONLY,LONG_ONLY,上升趋势,所有精筛规则通过,81.66569198065487,44.538172538456124,37.270000000000046
398,1769140800.0,XAUUSD,SHORT_ONLY,LONG_ONLY,SHORT_ONLY,上升趋势,"RSI 超买, 价格接近上边界",100.0,84.67499163786381,24.52428571428579
399,1769389200.0,XAUUSD,SHORT_ONLY,LONG_ONLY,SHORT_ONLY,上升趋势,"RSI 超买, 价格接近上边界",81.03256852700903,85.894880701554,24.048571428571385
400,1769461200.0,XAUUSD,LONG_ONLY,LONG_ONLY,LONG_ONLY,上升趋势,价格接近下边界,85.29504131336407,36.58921987475882,30.250714285714366
401,1769536800.0,XAUUSD,NONE,LONG_ONLY,NONE,上升趋势,箱体质量不足,65.8009208214309,54.77957500792876,22.865714285714212
402,1769612400.0,XAUUSD,SHORT_ONLY,LONG_ONLY,SHORT_ONLY,上升趋势,"RSI 超买, 价格接近上边界",100.0,75.43014825235369,28.684285714285775
403,1769688000.0,XAUUSD,LONG_ONLY,LONG_ONLY,LONG_ONLY,上升趋势,所有精筛规则通过,100.0,72.90959222173859,62.451428571428615
404,1769763600.0,XAUUSD,LONG_ONLY,SHORT_ONLY,LONG_ONLY,下降趋势,价格接近下边界,100.0,43.47983845522804,83.43000000000004
405,1770012000.0,XAUUSD,LONG_ONLY,SHORT_ONLY,LONG_ONLY,下降趋势,价格接近下边界,100.0,27.523433058791014,129.03285714285727
406,1770087600.0,XAUUSD,SHORT_ONLY,SHORT_ONLY,SHORT_ONLY,下降趋势,价格接近上边界,72.68097999401655,61.19923649048906,85.37071428571426
407,1770159600.0,XAUUSD,SHORT_ONLY,LONG_ONLY,SHORT_ONLY,上升趋势,价格接近上边界,79.05752082156685,57.41393195087575,49.19071428571436
408,1770235200.0,XAUUSD,LONG_ONLY,LONG_ONLY,LONG_ONLY,上升趋势,RSI 超卖,100.0,20.003917727718004,49.30285714285719
409,1770310800.0,XAUUSD,LONG_ONLY,SHORT_ONLY,LONG_ONLY,下降趋势,价格接近下边界,78.25944302033481,34.55321944809468,64.68785714285715
410,1770386400.0,XAUUSD,SHORT_ONLY,SHORT_ONLY,SHORT_ONLY,下降趋势,价格接近上边界,83.16641696166516,64.90164176896899,58.03571428571441
411,1770634800.0,XAUUSD,SHORT_ONLY,LONG_ONLY,SHORT_ONLY,上升趋势,价格接近上边界,88.81922202180931,58.104469574582616,35.46357142857141
412,1770710400.0,XAUUSD,NONE,LONG_ONLY,NONE,上升趋势,箱体质量不足,65.03910147640747,40.88974031502774,29.965000000000014
413,1770786000.0,XAUUSD,NONE,BOTH,NONE,趋势不明确,箱体质量不足,56.44757330968194,58.44724718676828,27.10428571428591
414,1770861600.0,XAUUSD,LONG_ONLY,LONG_ONLY,LONG_ONLY,上升趋势,所有精筛规则通过,70.57571223426201,50.059737156511105,37.03214285714297
415,1770933600.0,XAUUSD,LONG_ONLY,SHORT_ONLY,LONG_ONLY,下降趋势,"RSI 超卖, 价格接近下边界",100.0,23.512426900584927,39.853571428571286
416,1771009200.0,XAUUSD,NONE,NONE,NONE,"下降趋势, 不适合交易时段",粗筛已拒绝,79.16857221256751,59.320118649654006,32.80428571428586
417,1771257600.0,XAUUSD,NONE,LONG_ONLY,NONE,上升趋势,箱体质量不足,64.46300811383301,39.12072129577881,19.47928571428591
418,1771340400.0,XAUUSD,LONG_ONLY,SHORT_ONLY,LONG_ONLY,下降趋势,价格接近下边界,100.0,29.716739952960324,33.020714285714085
419,1771416000.0,XAUUSD,SHORT_ONLY,SHORT_ONLY,SHORT_ONLY,下降趋势,价格接近上边界,70.17341807488842,64.72611574511984,16.770000000000046
420,1771491600.0,XAUUSD,SHORT_ONLY,LONG_ONLY,SHORT_ONLY,上升趋势,价格接近上边界,100.0,54.02561383473365,15.97000000000006
421,1771567200.0,XAUUSD,NONE,LONG_ONLY,NONE,上升趋势,箱体质量不足,61.56535458149588,50.99186744698626,20.369285714285848
422,1771815600.0,XAUUSD,SHORT_ONLY,LONG_ONLY,SHORT_ONLY,上升趋势,"RSI 超买, 价格接近上边界",100.0,77.18210013291957,30.568571428571236
423,1771887600.0,XAUUSD,SHORT_ONLY,LONG_ONLY,SHORT_ONLY,上升趋势,"RSI 超买, 价格接近上边界",92.1864777995849,75.9617586443786,22.695714285714335
424,1771963200.0,XAUUSD,LONG_ONLY,LONG_ONLY,LONG_ONLY,上升趋势,所有精筛规则通过,100.0,47.547010607521614,25.212142857142616
425,1772038800.0,XAUUSD,SHORT_ONLY,BOTH,SHORT_ONLY,趋势不明确,价格接近上边界,73.90376088027608,60.17838997403184,20.279285714285702
426,1772114400.0,XAUUSD,NONE,LONG_ONLY,NONE,上升趋势,箱体质量不足,67.48218148845962,58.022910479422784,19.359285714285566
427,1772190000.0,XAUUSD,NONE,BOTH,NONE,趋势不明确,箱体质量不足,64.41986850844904,48.06078275466012,16.107857142857092
428,1772438400.0,XAUUSD,SHORT_ONLY,LONG_ONLY,SHORT_ONLY,上升趋势,价格接近上边界,100.0,73.62928448330871,33.29785714285702
429,1772514000.0,XAUUSD,LONG_ONLY,LONG_ONLY,LONG_ONLY,上升趋势,所有精筛规则通过,96.05818879593434,43.4619625137816,34.20857142857124
430,1772589600.0,XAUUSD,SHORT_ONLY,SHORT_ONLY,SHORT_ONLY,下降趋势,所有精筛规则通过,100.0,39.47721696730299,73.93785714285696
431,1772661600.0,XAUUSD,NONE,SHORT_ONLY,NONE,下降趋势,箱体质量不足,48.84852682438344,38.03196431889961,29.151428571428692
432,1772737200.0,XAUUSD,LONG_ONLY,BOTH,LONG_ONLY,趋势不明确,"RSI 超卖, 价格接近下边界",100.0,15.512579355748628,34.52285714285712
433,1772812800.0,XAUUSD,NONE,NONE,NONE,"下降趋势, 不适合交易时段",粗筛已拒绝,60.909318607955484,62.109869253479665,29.467857142857024
434,1773061200.0,XAUUSD,BOTH,BOTH,BOTH,趋势不明确,所有精筛规则通过,97.60598185764496,38.447823807026765,45.2371428571429
435,1773136800.0,XAUUSD,SHORT_ONLY,LONG_ONLY,SHORT_ONLY,上升趋势,价格接近上边界,80.31182369270834,68.52922598513176,23.908571428571253
436,1773212400.0,XAUUSD,NONE,LONG_ONLY,NONE,上升趋势,箱体质量不足,68.61785758462325,49.61872009569361,22.96714285714279
