交易 #,类型,日期和时间,信号,价格 USD,仓位大小（数量）,仓位大小（价值）,净损益 USD,净损益 %,有利波动 USD,有利波动 %,不利波动 USD,不利波动 %,累计P&L USD,累计P&L %
1,空头出场,2025-03-12 16:02,✅移动止盈,2915.54,1,2908.99,-6.55,-0.23,2.82,0.10,-6.55,-0.23,-6.55,0.00
1,空头进场,2025-03-12 15:02,①挂空,2908.99,1,2908.99,-6.55,-0.23,2.82,0.10,-6.55,-0.23,-6.55,0.00
2,多头出场,2025-03-13 07:02,✅移动止盈,2941.03,1,2925.34,15.69,0.54,21.77,0.74,0,0.00,9.14,0.00
2,多头进场,2025-03-12 17:02,①挂多,2925.34,1,2925.34,15.69,0.54,21.77,0.74,0,0.00,9.14,0.00
3,空头出场,2025-03-14 18:02,✅移动止盈,2984.45,1,2980.75,-3.7,-0.12,2.23,0.07,-5.29,-0.18,5.44,0.00
3,空头进场,2025-03-14 17:02,①挂空,2980.75,1,2980.75,-3.7,-0.12,2.23,0.07,-5.29,-0.18,5.44,0.00
4,多头出场,2025-03-18 12:02,✅移动止盈,3020.47,1,3004.97,15.5,0.52,23.58,0.78,-2.01,-0.07,20.94,0.00
4,多头进场,2025-03-18 03:02,①挂多,3004.97,1,3004.97,15.5,0.52,23.58,0.78,-2.01,-0.07,20.94,0.00
5,多头出场,2025-03-19 21:02,✅移动止盈,3042.57,1,3038.24,4.33,0.14,13.58,0.45,-15.5,-0.51,25.27,0.00
5,多头进场,2025-03-19 05:02,①挂多,3038.24,1,3038.24,4.33,0.14,13.58,0.45,-15.5,-0.51,25.27,0.00
6,多头出场,2025-03-28 10:02,✅移动止盈,3077.36,1,3055.93,21.43,0.70,30.04,0.98,-2.02,-0.07,46.7,0.00
6,多头进场,2025-03-27 21:02,①挂多,3055.93,1,3055.93,21.43,0.70,30.04,0.98,-2.02,-0.07,46.7,0.00
7,空头出场,2025-03-31 17:02,✅移动止盈,3114.44,1,3111.9,-2.54,-0.08,11.94,0.38,-2.56,-0.08,44.16,0.00
7,空头进场,2025-03-31 16:02,①挂空,3111.9,1,3111.9,-2.54,-0.08,11.94,0.38,-2.56,-0.08,44.16,0.00
8,空头出场,2025-03-31 20:02,✅移动止盈,3118.71,1,3111.9,-6.81,-0.22,0.28,0.01,-8.72,-0.28,37.35,0.00
8,空头进场,2025-03-31 19:02,①挂空,3111.9,1,3111.9,-6.81,-0.22,0.28,0.01,-8.72,-0.28,37.35,0.00
9,多头出场,2025-04-01 08:02,✅移动止盈,3138.17,1,3127.92,10.25,0.33,21.06,0.67,-1.36,-0.04,47.6,0.00
9,多头进场,2025-04-01 03:02,①挂多,3127.92,1,3127.92,10.25,0.33,21.06,0.67,-1.36,-0.04,47.6,0.00
10,空头出场,2025-04-08 20:02,✅移动止盈,2983.21,1,2994.92,11.71,0.39,13.01,0.43,0,0.00,59.31,0.01
10,空头进场,2025-04-08 19:02,①挂空,2994.92,1,2994.92,11.71,0.39,13.01,0.43,0,0.00,59.31,0.01
11,多头出场,2025-04-11 08:02,✅移动止盈,3201.92,1,3132.66,69.26,2.21,87.48,2.79,-16.5,-0.53,128.57,0.01
11,多头进场,2025-04-10 15:02,①挂多,3132.66,1,3132.66,69.26,2.21,87.48,2.79,-16.5,-0.53,128.57,0.01
12,多头出场,2025-04-14 16:02,❌止损,3199.56,1,3237.76,-38.2,-1.18,8.02,0.25,-38.2,-1.18,90.37,0.01
12,多头进场,2025-04-11 16:02,①挂多,3237.76,1,3237.76,-38.2,-1.18,8.02,0.25,-38.2,-1.18,90.37,0.01
13,空头出场,2025-04-14 18:02,✅移动止盈,3207.87,1.4,4486.664,-4.35,-0.10,13.09,0.29,-15.2,-0.34,86.02,0.01
13,空头进场,2025-04-14 17:02,②⚡追空,3204.76,1.4,4486.664,-4.35,-0.10,13.09,0.29,-15.2,-0.34,86.02,0.01
14,多头出场,2025-04-15 08:02,✅移动止盈,3222.61,1,3215.62,6.99,0.22,16.96,0.53,-14.23,-0.44,93.01,0.01
14,多头进场,2025-04-14 20:02,①挂多,3215.62,1,3215.62,6.99,0.22,16.96,0.53,-14.23,-0.44,93.01,0.01
15,空头出场,2025-04-15 16:02,✅移动止盈,3222.28,1,3217.35,-4.93,-0.15,3.04,0.09,-5.11,-0.16,88.08,0.01
15,空头进场,2025-04-15 15:02,①挂空,3217.35,1,3217.35,-4.93,-0.15,3.04,0.09,-5.11,-0.16,88.08,0.01
16,空头出场,2025-04-15 19:02,✅移动止盈,3221.92,1,3217.35,-4.57,-0.14,0.37,0.01,-6.79,-0.21,83.51,0.01
16,空头进场,2025-04-15 18:02,①挂空,3217.35,1,3217.35,-4.57,-0.14,0.37,0.01,-6.79,-0.21,83.51,0.01
17,多头出场,2025-04-16 04:02,✅移动止盈,3261.82,1,3232.58,29.24,0.90,42.4,1.31,-6.03,-0.19,112.75,0.01
17,多头进场,2025-04-15 23:02,①挂多,3232.58,1,3232.58,29.24,0.90,42.4,1.31,-6.03,-0.19,112.75,0.01
18,多头出场,2025-04-17 03:02,✅移动止盈,3345.49,1,3317.74,27.75,0.84,40,1.21,-20.86,-0.63,140.5,0.01
18,多头进场,2025-04-16 16:02,①挂多,3317.74,1,3317.74,27.75,0.84,40,1.21,-20.86,-0.63,140.5,0.01
19,空头出场,2025-04-17 17:02,✅移动止盈,3309.58,1,3320.79,11.21,0.34,12.15,0.37,0,0.00,151.71,0.02
19,空头进场,2025-04-17 16:02,①挂空,3320.79,1,3320.79,11.21,0.34,12.15,0.37,0,0.00,151.71,0.02
20,空头出场,2025-04-23 17:02,✅移动止盈,3266.98,1,3291.73,24.75,0.75,31.4,0.95,0,0.00,176.46,0.02
20,空头进场,2025-04-23 16:02,①挂空,3291.73,1,3291.73,24.75,0.75,31.4,0.95,0,0.00,176.46,0.02
21,多头出场,2025-04-28 02:02,✅移动止盈,3309.88,1,3303.25,6.63,0.20,27.41,0.83,0,0.00,183.09,0.02
21,多头进场,2025-04-25 22:02,①挂多,3303.25,1,3303.25,6.63,0.20,27.41,0.83,0,0.00,183.09,0.02
22,多头出场,2025-05-02 15:02,✅移动止盈,3247.87,1,3236.76,11.11,0.34,32.51,1.00,-9.28,-0.29,194.2,0.02
22,多头进场,2025-05-01 23:02,①挂多,3236.76,1,3236.76,11.11,0.34,32.51,1.00,-9.28,-0.29,194.2,0.02
23,多头出场,2025-05-06 05:02,✅移动止盈,3359.04,1,3269.27,89.77,2.75,117.69,3.60,-16.17,-0.49,283.97,0.03
23,多头进场,2025-05-05 04:02,①挂多,3269.27,1,3269.27,89.77,2.75,117.69,3.60,-16.17,-0.49,283.97,0.03
24,多头出场,2025-05-08 08:02,❌止损,3355.88,1,3397.47,-41.59,-1.22,17.32,0.51,-41.59,-1.22,242.38,0.02
24,多头进场,2025-05-07 16:02,①挂多,3397.47,1,3397.47,-41.59,-1.22,17.32,0.51,-41.59,-1.22,242.38,0.02
25,空头出场,2025-05-08 10:02,✅移动止盈,3331.57,1.4,4702.054,37.86,0.81,53.56,1.14,-4.51,-0.10,280.23,0.03
25,空头进场,2025-05-08 09:02,②⚡追空,3358.61,1.4,4702.054,37.86,0.81,53.56,1.14,-4.51,-0.10,280.23,0.03
26,空头出场,2025-05-08 20:02,✅移动止盈,3311.07,1,3320.35,9.28,0.28,15.92,0.48,0,0.00,289.51,0.03
26,空头进场,2025-05-08 19:02,①挂空,3320.35,1,3320.35,9.28,0.28,15.92,0.48,0,0.00,289.51,0.03
27,空头出场,2025-05-20 06:02,✅移动止盈,3206.13,1,3206.7,0.57,0.02,1.81,0.06,0,0.00,290.08,0.03
27,空头进场,2025-05-20 05:02,①挂空,3206.7,1,3206.7,0.57,0.02,1.81,0.06,0,0.00,290.08,0.03
28,空头出场,2025-05-21 16:02,✅移动止盈,3306.23,1,3298.46,-7.77,-0.24,7.68,0.23,-7.77,-0.24,282.31,0.03
28,空头进场,2025-05-21 15:02,①挂空,3298.46,1,3298.46,-7.77,-0.24,7.68,0.23,-7.77,-0.24,282.31,0.03
29,空头出场,2025-05-21 18:02,✅移动止盈,3307.21,1,3298.46,-8.75,-0.27,3.11,0.09,-9.24,-0.28,273.56,0.03
29,空头进场,2025-05-21 17:02,①挂空,3298.46,1,3298.46,-8.75,-0.27,3.11,0.09,-9.24,-0.28,273.56,0.03
30,多头出场,2025-05-22 06:02,✅移动止盈,3334.68,1,3320.55,14.13,0.43,24.88,0.75,-7.33,-0.22,287.69,0.03
30,多头进场,2025-05-21 22:02,①挂多,3320.55,1,3320.55,14.13,0.43,24.88,0.75,-7.33,-0.22,287.69,0.03
31,多头出场,2025-05-28 04:02,✅移动止盈,3308.87,1,3304.92,3.95,0.12,10.95,0.33,-7.66,-0.23,291.64,0.03
31,多头进场,2025-05-27 22:02,①挂多,3304.92,1,3304.92,3.95,0.12,10.95,0.33,-7.66,-0.23,291.64,0.03
32,空头出场,2025-05-28 20:02,✅移动止盈,3293.52,1,3291.68,-1.84,-0.06,3.04,0.09,-1.85,-0.06,289.8,0.03
32,空头进场,2025-05-28 19:02,①挂空,3291.68,1,3291.68,-1.84,-0.06,3.04,0.09,-1.85,-0.06,289.8,0.03
33,空头出场,2025-05-30 16:02,✅移动止盈,3305.49,1,3287.53,-17.96,-0.55,4.79,0.15,-19.24,-0.59,271.84,0.03
33,空头进场,2025-05-30 15:02,①挂空,3287.53,1,3287.53,-17.96,-0.55,4.79,0.15,-19.24,-0.59,271.84,0.03
34,多头出场,2025-06-04 18:02,✅移动止盈,3372.75,1,3363.14,9.61,0.29,21.57,0.64,-19.28,-0.57,281.45,0.03
34,多头进场,2025-06-04 04:02,①挂多,3363.14,1,3363.14,9.61,0.29,21.57,0.64,-19.28,-0.57,281.45,0.03
35,多头出场,2025-06-11 16:02,✅移动止盈,3335.24,1,3328.52,6.72,0.20,32.18,0.97,-26.58,-0.80,288.17,0.03
35,多头进场,2025-06-09 18:02,①挂多,3328.52,1,3328.52,6.72,0.20,32.18,0.97,-26.58,-0.80,288.17,0.03
36,多头出场,2025-06-13 05:02,✅移动止盈,3425.11,1,3398.97,26.14,0.77,34.4,1.01,0,0.00,314.31,0.03
36,多头进场,2025-06-13 03:02,①挂多,3398.97,1,3398.97,26.14,0.77,34.4,1.01,0,0.00,314.31,0.03
37,多头出场,2025-06-16 16:02,❌止损,3391.04,1,3444.56,-53.52,-1.55,6.63,0.19,-53.52,-1.55,260.79,0.03
37,多头进场,2025-06-16 01:02,①挂多,3444.56,1,3444.56,-53.52,-1.55,6.63,0.19,-53.52,-1.55,260.79,0.03
38,空头出场,2025-06-16 18:02,✅移动止盈,3399.87,1.4,4749.794,-10.02,-0.21,4.13,0.09,-11.06,-0.23,250.77,0.03
38,空头进场,2025-06-16 17:02,②⚡追空,3392.71,1.4,4749.794,-10.02,-0.21,4.13,0.09,-11.06,-0.23,250.77,0.03
39,多头出场,2025-06-17 17:02,❌止损,3366.59,1,3391.81,-25.22,-0.74,5.65,0.17,-25.22,-0.74,225.55,0.02
39,多头进场,2025-06-17 16:02,①挂多,3391.81,1,3391.81,-25.22,-0.74,5.65,0.17,-25.22,-0.74,225.55,0.02
40,多头出场,2025-06-19 09:02,❌止损,3356.39,1,3391.81,-35.42,-1.04,8.22,0.24,-35.42,-1.04,190.13,0.02
40,多头进场,2025-06-17 21:02,①挂多,3391.81,1,3391.81,-35.42,-1.04,8.22,0.24,-35.42,-1.04,190.13,0.02
41,空头出场,2025-06-19 11:02,✅移动止盈,3363.73,1.4,4700.332,-8.89,-0.19,9.39,0.20,-16.42,-0.35,181.24,0.02
41,空头进场,2025-06-19 10:02,②⚡追空,3357.38,1.4,4700.332,-8.89,-0.19,9.39,0.20,-16.42,-0.35,181.24,0.02
42,空头出场,2025-06-20 07:02,✅移动止盈,3355.04,1,3347.69,-7.35,-0.22,2.98,0.09,-7.35,-0.22,173.89,0.02
42,空头进场,2025-06-20 06:02,①挂空,3347.69,1,3347.69,-7.35,-0.22,2.98,0.09,-7.35,-0.22,173.89,0.02
43,多头出场,2025-06-23 02:02,✅移动止盈,3377.18,1,3357.88,19.3,0.57,30.78,0.92,0,0.00,193.19,0.02
43,多头进场,2025-06-20 16:02,①挂多,3357.88,1,3357.88,19.3,0.57,30.78,0.92,0,0.00,193.19,0.02
44,空头出场,2025-06-24 16:02,✅移动止盈,3315.14,1,3316.08,0.94,0.03,11.58,0.35,0,0.00,194.13,0.02
44,空头进场,2025-06-24 15:02,①挂空,3316.08,1,3316.08,0.94,0.03,11.58,0.35,0,0.00,194.13,0.02
45,多头出场,2025-06-27 14:02,❌止损,3279.61,1,3328.96,-49.35,-1.48,21.31,0.64,-49.35,-1.48,144.78,0.01
45,多头进场,2025-06-25 03:02,①挂多,3328.96,1,3328.96,-49.35,-1.48,21.31,0.64,-49.35,-1.48,144.78,0.01
46,空头出场,2025-06-27 17:02,✅移动止盈,3272.43,1.4,4593.988,12.59,0.27,35.81,0.78,-0.7,-0.02,157.36,0.02
46,空头进场,2025-06-27 15:02,②⚡追空,3281.42,1.4,4593.988,12.59,0.27,35.81,0.78,-0.7,-0.02,157.36,0.02
47,多头出场,2025-07-01 16:02,✅移动止盈,3347.48,1,3296.82,50.66,1.54,61.22,1.86,-4.66,-0.14,208.02,0.02
47,多头进场,2025-06-30 19:02,①挂多,3296.82,1,3296.82,50.66,1.54,61.22,1.86,-4.66,-0.14,208.02,0.02
48,多头出场,2025-07-03 02:02,✅移动止盈,3356.74,1,3351.24,5.5,0.16,14.5,0.43,0,0.00,213.52,0.02
48,多头进场,2025-07-02 21:02,①挂多,3351.24,1,3351.24,5.5,0.16,14.5,0.43,0,0.00,213.52,0.02
49,多头出场,2025-07-10 06:02,✅移动止盈,3315.39,1,3308.03,7.36,0.22,18.31,0.55,-1.63,-0.05,220.88,0.02
49,多头进场,2025-07-09 17:02,①挂多,3308.03,1,3308.03,7.36,0.22,18.31,0.55,-1.63,-0.05,220.88,0.02
50,空头出场,2025-07-10 16:02,✅移动止盈,3326.35,1,3319.92,-6.43,-0.19,1.93,0.06,-9.52,-0.29,214.45,0.02
50,空头进场,2025-07-10 15:02,①挂空,3319.92,1,3319.92,-6.43,-0.19,1.93,0.06,-9.52,-0.29,214.45,0.02
51,多头出场,2025-07-11 10:02,✅移动止盈,3332.49,1,3330.26,2.23,0.07,13.68,0.41,-4.96,-0.15,216.68,0.02
51,多头进场,2025-07-11 03:02,①挂多,3330.26,1,3330.26,2.23,0.07,13.68,0.41,-4.96,-0.15,216.68,0.02
52,空头出场,2025-07-14 16:02,✅移动止盈,3349.3,1,3353.54,4.24,0.13,6.31,0.19,0,0.00,220.92,0.02
52,空头进场,2025-07-14 15:02,①挂空,3353.54,1,3353.54,4.24,0.13,6.31,0.19,0,0.00,220.92,0.02
53,空头出场,2025-07-14 18:02,✅移动止盈,3344.82,1,3353.54,8.72,0.26,12.46,0.37,0,0.00,229.64,0.02
53,空头进场,2025-07-14 17:02,①挂空,3353.54,1,3353.54,8.72,0.26,12.46,0.37,0,0.00,229.64,0.02
54,空头出场,2025-07-18 23:02,✅移动止盈,3348.64,1,3347.9,-0.74,-0.02,0.19,0.01,-0.74,-0.02,228.9,0.02
54,空头进场,2025-07-18 22:02,①挂空,3347.9,1,3347.9,-0.74,-0.02,0.19,0.01,-0.74,-0.02,228.9,0.02
55,空头出场,2025-07-23 16:02,✅移动止盈,3417.26,1,3419.34,2.08,0.06,2.54,0.07,0,0.00,230.98,0.02
55,空头进场,2025-07-23 15:02,①挂空,3419.34,1,3419.34,2.08,0.06,2.54,0.07,0,0.00,230.98,0.02
56,多头出场,2025-08-04 02:02,✅移动止盈,3358.7,1,3355.12,3.58,0.11,11.05,0.33,0,0.00,234.56,0.02
56,多头进场,2025-08-01 22:02,①挂多,3355.12,1,3355.12,3.58,0.11,11.05,0.33,0,0.00,234.56,0.02
57,空头出场,2025-08-08 18:02,✅移动止盈,3392.4,1,3384.34,-8.06,-0.24,3.02,0.09,-8.06,-0.24,226.5,0.02
57,空头进场,2025-08-08 17:02,①挂空,3384.34,1,3384.34,-8.06,-0.24,3.02,0.09,-8.06,-0.24,226.5,0.02
58,空头出场,2025-08-08 21:02,✅移动止盈,3391.92,1,3384.34,-7.58,-0.22,5.14,0.15,-7.58,-0.22,218.92,0.02
58,空头进场,2025-08-08 20:02,①挂空,3384.34,1,3384.34,-7.58,-0.22,5.14,0.15,-7.58,-0.22,218.92,0.02
59,空头出场,2025-08-11 04:02,✅移动止盈,3381.48,1,3384.34,2.86,0.08,5.54,0.16,0,0.00,221.78,0.02
59,空头进场,2025-08-11 03:02,①挂空,3384.34,1,3384.34,2.86,0.08,5.54,0.16,0,0.00,221.78,0.02
60,多头出场,2025-08-19 17:02,❌止损,3321.32,1,3358.11,-36.79,-1.10,16.6,0.49,-36.79,-1.10,184.99,0.02
60,多头进场,2025-08-13 10:02,①挂多,3358.11,1,3358.11,-36.79,-1.10,16.6,0.49,-36.79,-1.10,184.99,0.02
61,空头出场,2025-08-19 19:02,✅移动止盈,3322.97,1.4,4652.48,0.32,0.01,2.25,0.05,-5.01,-0.11,185.32,0.02
61,空头进场,2025-08-19 18:02,②⚡追空,3323.2,1.4,4652.48,0.32,0.01,2.25,0.05,-5.01,-0.11,185.32,0.02
62,多头出场,2025-08-21 09:02,❌止损,3334.56,1,3350.52,-15.96,-0.48,1.76,0.05,-15.96,-0.48,169.36,0.02
62,多头进场,2025-08-21 01:02,①挂多,3350.52,1,3350.52,-15.96,-0.48,1.76,0.05,-15.96,-0.48,169.36,0.02
63,空头出场,2025-08-21 11:02,✅移动止盈,3340.06,1.4,4670.162,-5.92,-0.13,0.53,0.01,-8.09,-0.17,163.43,0.02
63,空头进场,2025-08-21 10:02,②⚡追空,3335.83,1.4,4670.162,-5.92,-0.13,0.53,0.01,-8.09,-0.17,163.43,0.02
64,空头出场,2025-08-22 16:02,✅移动止盈,3325.04,1,3325.4,0.36,0.01,3.94,0.12,0,0.00,163.79,0.02
64,空头进场,2025-08-22 15:02,①挂空,3325.4,1,3325.4,0.36,0.01,3.94,0.12,0,0.00,163.79,0.02
65,多头出场,2025-08-27 21:02,✅移动止盈,3392.86,1,3385.47,7.39,0.22,13.34,0.39,-0.26,-0.01,171.18,0.02
65,多头进场,2025-08-27 17:02,①挂多,3385.47,1,3385.47,7.39,0.22,13.34,0.39,-0.26,-0.01,171.18,0.02
66,多头出场,2025-09-09 17:02,✅移动止盈,3664.62,1,3659.32,5.3,0.14,15.52,0.42,0,0.00,176.48,0.02
66,多头进场,2025-09-09 16:02,①挂多,3659.32,1,3659.32,5.3,0.14,15.52,0.42,0,0.00,176.48,0.02
67,空头出场,2025-09-09 21:02,✅移动止盈,3642.32,1,3642.75,0.43,0.01,1.42,0.04,0,0.00,176.91,0.02
67,空头进场,2025-09-09 20:02,①挂空,3642.75,1,3642.75,0.43,0.01,1.42,0.04,0,0.00,176.91,0.02
68,空头出场,2025-09-10 19:02,✅移动止盈,3646.26,1,3641.96,-4.3,-0.12,3.29,0.09,-4.38,-0.12,172.61,0.02
68,空头进场,2025-09-10 18:02,①挂空,3641.96,1,3641.96,-4.3,-0.12,3.29,0.09,-4.38,-0.12,172.61,0.02
69,空头出场,2025-09-10 21:02,✅移动止盈,3646.92,1,3641.96,-4.96,-0.14,0.22,0.01,-5.68,-0.16,167.65,0.02
69,空头进场,2025-09-10 20:02,①挂空,3641.96,1,3641.96,-4.96,-0.14,0.22,0.01,-5.68,-0.16,167.65,0.02
70,空头出场,2025-09-11 15:02,①挂多,3631.91,1,3614.21,-17.7,-0.49,1.08,0.03,-17.7,-0.49,149.95,0.01
70,空头进场,2025-09-11 15:02,①挂空,3614.21,1,3614.21,-17.7,-0.49,1.08,0.03,-17.7,-0.49,149.95,0.01
71,多头出场,2025-09-12 09:02,✅移动止盈,3648.9,1,3631.91,16.99,0.47,24.78,0.68,-1.57,-0.04,166.94,0.02
71,多头进场,2025-09-11 17:02,①挂多,3631.91,1,3631.91,16.99,0.47,24.78,0.68,-1.57,-0.04,166.94,0.02
72,空头出场,2025-09-15 03:02,✅移动止盈,3638.26,1,3637.67,-0.59,-0.02,0.79,0.02,-0.59,-0.02,166.35,0.02
72,空头进场,2025-09-15 02:02,①挂空,3637.67,1,3637.67,-0.59,-0.02,0.79,0.02,-0.59,-0.02,166.35,0.02
73,空头出场,2025-09-17 05:02,✅移动止盈,3678.22,1,3678.9,0.68,0.02,2.82,0.08,0,0.00,167.03,0.02
73,空头进场,2025-09-17 04:02,①挂空,3678.9,1,3678.9,0.68,0.02,2.82,0.08,0,0.00,167.03,0.02
74,空头出场,2025-09-18 17:02,✅移动止盈,3645.57,1,3633.96,-11.61,-0.32,5.92,0.16,-11.61,-0.32,155.42,0.02
74,空头进场,2025-09-18 16:02,①挂空,3633.96,1,3633.96,-11.61,-0.32,5.92,0.16,-11.61,-0.32,155.42,0.02
75,多头出场,2025-09-23 17:02,✅移动止盈,3772.87,1,3672.98,99.89,2.72,118.16,3.22,-6.56,-0.18,255.31,0.03
75,多头进场,2025-09-19 18:02,①挂多,3672.98,1,3672.98,99.89,2.72,118.16,3.22,-6.56,-0.18,255.31,0.03
76,空头出场,2025-09-26 23:02,✅移动止盈,3767.44,1,3771.45,4.01,0.11,6.75,0.18,0,0.00,259.32,0.03
76,空头进场,2025-09-26 22:02,①挂空,3771.45,1,3771.45,4.01,0.11,6.75,0.18,0,0.00,259.32,0.03
77,多头出场,2025-09-30 09:02,✅移动止盈,3855.33,1,3831.41,23.92,0.62,40.37,1.05,-10.33,-0.27,283.24,0.03
77,多头进场,2025-09-29 18:02,①挂多,3831.41,1,3831.41,23.92,0.62,40.37,1.05,-10.33,-0.27,283.24,0.03
78,空头出场,2025-10-02 04:02,✅移动止盈,3854.78,1,3853.3,-1.48,-0.04,0.44,0.01,-1.48,-0.04,281.76,0.03
78,空头进场,2025-10-02 03:02,①挂空,3853.3,1,3853.3,-1.48,-0.04,0.44,0.01,-1.48,-0.04,281.76,0.03
79,多头出场,2025-10-29 00:02,✅移动止盈,3945.08,1,3930.91,14.17,0.36,39.46,1.00,0,0.00,295.93,0.03
79,多头进场,2025-10-28 15:02,①挂多,3930.91,1,3930.91,14.17,0.36,39.46,1.00,0,0.00,295.93,0.03
80,多头出场,2025-10-31 01:02,✅移动止盈,4028.54,1,4012.02,16.52,0.41,34.19,0.85,-11.8,-0.29,312.45,0.03
80,多头进场,2025-10-30 19:02,①挂多,4012.02,1,4012.02,16.52,0.41,34.19,0.85,-11.8,-0.29,312.45,0.03
81,空头出场,2025-10-31 19:02,✅移动止盈,3983.68,1,3989.11,5.43,0.14,16.85,0.42,0,0.00,317.88,0.03
81,空头进场,2025-10-31 18:02,①挂空,3989.11,1,3989.11,5.43,0.14,16.85,0.42,0,0.00,317.88,0.03
82,空头出场,2025-11-03 02:02,✅移动止盈,3985.46,1,3989.11,3.65,0.09,11.33,0.28,0,0.00,321.53,0.03
82,空头进场,2025-11-03 01:02,①挂空,3989.11,1,3989.11,3.65,0.09,11.33,0.28,0,0.00,321.53,0.03
83,多头出场,2025-11-04 01:02,❌止损,3982.51,1,4028.01,-45.5,-1.13,2.66,0.07,-45.5,-1.13,276.03,0.03
83,多头进场,2025-11-03 16:02,①挂多,4028.01,1,4028.01,-45.5,-1.13,2.66,0.07,-45.5,-1.13,276.03,0.03
84,空头出场,2025-11-04 03:02,✅移动止盈,3990.85,1.4,5595.1,7.91,0.14,25.13,0.45,-3.67,-0.07,283.94,0.03
84,空头进场,2025-11-04 02:02,②⚡追空,3996.5,1.4,5595.1,7.91,0.14,25.13,0.45,-3.67,-0.07,283.94,0.03
85,空头出场,2025-11-04 16:02,✅移动止盈,3970.55,1,3975.84,5.29,0.13,6.13,0.15,0,0.00,289.23,0.03
85,空头进场,2025-11-04 15:02,①挂空,3975.84,1,3975.84,5.29,0.13,6.13,0.15,0,0.00,289.23,0.03
86,多头出场,2025-11-06 14:02,✅移动止盈,4003.29,1,3987.13,16.16,0.41,32.48,0.81,-22.57,-0.57,305.39,0.03
86,多头进场,2025-11-05 18:02,①挂多,3987.13,1,3987.13,16.16,0.41,32.48,0.81,-22.57,-0.57,305.39,0.03
87,多头出场,2025-11-11 07:02,✅移动止盈,4134.93,1,4105.98,28.95,0.71,43.04,1.05,0,0.00,334.34,0.03
87,多头进场,2025-11-10 20:02,①挂多,4105.98,1,4105.98,28.95,0.71,43.04,1.05,0,0.00,334.34,0.03
88,空头出场,2025-11-11 17:02,✅移动止盈,4125.77,1,4124.79,-0.98,-0.02,4.68,0.11,-1,-0.02,333.36,0.03
88,空头进场,2025-11-11 16:02,①挂空,4124.79,1,4124.79,-0.98,-0.02,4.68,0.11,-1,-0.02,333.36,0.03
89,空头出场,2025-11-13 20:02,✅移动止盈,4202.48,1,4203.39,0.91,0.02,10.05,0.24,0,0.00,334.27,0.03
89,空头进场,2025-11-13 19:02,①挂空,4203.39,1,4203.39,0.91,0.02,10.05,0.24,0,0.00,334.27,0.03
90,多头出场,2025-11-19 15:02,✅移动止盈,4100.8,1,4050.49,50.31,1.24,69.35,1.71,-10.07,-0.25,384.58,0.04
90,多头进场,2025-11-18 15:02,①挂多,4050.49,1,4050.49,50.31,1.24,69.35,1.71,-10.07,-0.25,384.58,0.04
91,空头出场,2025-11-21 08:02,✅移动止盈,4057.79,1,4043.78,-14.01,-0.35,3.73,0.09,-14.17,-0.35,370.57,0.04
91,空头进场,2025-11-21 07:02,①挂空,4043.78,1,4043.78,-14.01,-0.35,3.73,0.09,-14.17,-0.35,370.57,0.04
92,多头出场,2025-11-21 20:02,✅移动止盈,4078.33,1,4064.69,13.64,0.34,36.35,0.89,-9.49,-0.23,384.21,0.04
92,多头进场,2025-11-21 15:02,①挂多,4064.69,1,4064.69,13.64,0.34,36.35,0.89,-9.49,-0.23,384.21,0.04
93,多头出场,2025-11-25 01:02,✅移动止盈,4125.5,1,4077.89,47.61,1.17,66.53,1.63,-9.42,-0.23,431.82,0.04
93,多头进场,2025-11-24 15:02,①挂多,4077.89,1,4077.89,47.61,1.17,66.53,1.63,-9.42,-0.23,431.82,0.04
94,多头出场,2025-11-28 10:02,✅移动止盈,4165.58,1,4152.03,13.55,0.33,41.06,0.99,-24.5,-0.59,445.37,0.04
94,多头进场,2025-11-25 19:02,①挂多,4152.03,1,4152.03,13.55,0.33,41.06,0.99,-24.5,-0.59,445.37,0.04
95,空头出场,2025-12-15 19:02,✅移动止盈,4295.56,1,4288.57,-6.99,-0.16,3.29,0.08,-6.99,-0.16,438.38,0.04
95,空头进场,2025-12-15 18:02,①挂空,4288.57,1,4288.57,-6.99,-0.16,3.29,0.08,-6.99,-0.16,438.38,0.04
96,空头出场,2025-12-18 16:02,✅移动止盈,4339.31,1,4315.01,-24.3,-0.56,0.55,0.01,-28.02,-0.65,414.08,0.04
96,空头进场,2025-12-18 15:02,①挂空,4315.01,1,4315.01,-24.3,-0.56,0.55,0.01,-28.02,-0.65,414.08,0.04
97,多头出场,2025-12-23 06:02,✅移动止盈,4480.74,1,4442.23,38.51,0.87,55.7,1.25,0,0.00,452.59,0.05
97,多头进场,2025-12-22 23:02,①挂多,4442.23,1,4442.23,38.51,0.87,55.7,1.25,0,0.00,452.59,0.05
98,空头出场,2025-12-23 17:02,✅移动止盈,4451.44,1,4469.58,18.14,0.41,39.47,0.88,0,0.00,470.73,0.05
98,空头进场,2025-12-23 16:02,①挂空,4469.58,1,4469.58,18.14,0.41,39.47,0.88,0,0.00,470.73,0.05
99,空头出场,2025-12-24 16:02,✅移动止盈,4487.96,1,4478.26,-9.7,-0.22,4.02,0.09,-9.84,-0.22,461.03,0.05
99,空头进场,2025-12-24 15:02,①挂空,4478.26,1,4478.26,-9.7,-0.22,4.02,0.09,-9.84,-0.22,461.03,0.05
100,多头出场,2025-12-26 19:02,✅移动止盈,4530.47,1,4515.22,15.25,0.34,34.64,0.77,-22.9,-0.51,476.28,0.05
100,多头进场,2025-12-26 02:02,①挂多,4515.22,1,4515.22,15.25,0.34,34.64,0.77,-22.9,-0.51,476.28,0.05
101,空头出场,2025-12-29 18:02,✅移动止盈,4333.21,1,4445.56,112.35,2.53,143.09,3.22,0,0.00,588.63,0.06
101,空头进场,2025-12-29 15:02,①挂空,4445.56,1,4445.56,112.35,2.53,143.09,3.22,0,0.00,588.63,0.06
102,空头出场,2025-12-30 22:02,✅移动止盈,4348.16,1,4349.92,1.76,0.04,12.26,0.28,0,0.00,590.39,0.06
102,空头进场,2025-12-30 21:02,①挂空,4349.92,1,4349.92,1.76,0.04,12.26,0.28,0,0.00,590.39,0.06
103,多头出场,2026-01-02 15:02,✅移动止盈,4369.34,1,4353.32,16.02,0.37,49.06,1.13,-8.72,-0.20,606.41,0.06
103,多头进场,2026-01-02 02:02,①挂多,4353.32,1,4353.32,16.02,0.37,49.06,1.13,-8.72,-0.20,606.41,0.06
104,多头出场,2026-01-06 08:02,✅移动止盈,4453.33,1,4455.81,-2.48,-0.06,18.34,0.41,-27.79,-0.62,603.93,0.06
104,多头进场,2026-01-06 01:02,①挂多,4455.81,1,4455.81,-2.48,-0.06,18.34,0.41,-27.79,-0.62,603.93,0.06
105,多头出场,2026-01-07 02:02,✅移动止盈,4486.26,1,4475.7,10.56,0.24,24.89,0.56,-12.44,-0.28,614.49,0.06
105,多头进场,2026-01-06 16:02,①挂多,4475.7,1,4475.7,10.56,0.24,24.89,0.56,-12.44,-0.28,614.49,0.06
106,空头出场,2026-01-07 16:02,✅移动止盈,4452.78,1,4441.6,-11.18,-0.25,14.46,0.33,-11.23,-0.25,603.31,0.06
106,空头进场,2026-01-07 15:02,①挂空,4441.6,1,4441.6,-11.18,-0.25,14.46,0.33,-11.23,-0.25,603.31,0.06
107,空头出场,2026-01-08 08:02,✅移动止盈,4427.92,1,4423.46,-4.46,-0.10,7.74,0.17,-4.46,-0.10,598.85,0.06
107,空头进场,2026-01-08 07:02,①挂空,4423.46,1,4423.46,-4.46,-0.10,7.74,0.17,-4.46,-0.10,598.85,0.06
108,多头出场,2026-01-09 19:02,✅移动止盈,4496.6,1,4484.04,12.56,0.28,33.12,0.74,-4.89,-0.11,611.41,0.06
108,多头进场,2026-01-09 15:02,①挂多,4484.04,1,4484.04,12.56,0.28,33.12,0.74,-4.89,-0.11,611.41,0.06
109,多头出场,2026-01-12 03:02,✅移动止盈,4585.39,1,4517.16,68.23,1.51,84.04,1.86,0,0.00,679.64,0.07
109,多头进场,2026-01-12 01:02,①挂多,4517.16,1,4517.16,68.23,1.51,84.04,1.86,0,0.00,679.64,0.07
110,多头出场,2026-01-12 18:02,✅移动止盈,4613.76,1,4601.2,12.56,0.27,29.01,0.63,-16.1,-0.35,692.2,0.07
110,多头进场,2026-01-12 15:02,①挂多,4601.2,1,4601.2,12.56,0.27,29.01,0.63,-16.1,-0.35,692.2,0.07
111,多头出场,2026-01-13 17:02,✅移动止盈,4621.62,1,4603.72,17.9,0.39,30.96,0.67,0,0.00,710.1,0.07
111,多头进场,2026-01-13 15:02,①挂多,4603.72,1,4603.72,17.9,0.39,30.96,0.67,0,0.00,710.1,0.07
112,空头出场,2026-01-14 17:02,✅移动止盈,4609.24,1,4613.42,4.18,0.09,6.72,0.15,0,0.00,714.28,0.07
112,空头进场,2026-01-14 16:02,①挂空,4613.42,1,4613.42,4.18,0.09,6.72,0.15,0,0.00,714.28,0.07
113,空头出场,2026-01-14 20:02,✅移动止盈,4614.58,1,4613.42,-1.16,-0.03,12.21,0.26,-1.16,-0.03,713.12,0.07
113,空头进场,2026-01-14 19:02,①挂空,4613.42,1,4613.42,-1.16,-0.03,12.21,0.26,-1.16,-0.03,713.12,0.07
114,多头出场,2026-01-16 17:02,❌止损,4576.84,1,4622.9,-46.06,-1.00,2.07,0.04,-46.06,-1.00,667.06,0.07
114,多头进场,2026-01-15 18:02,①挂多,4622.9,1,4622.9,-46.06,-1.00,2.07,0.04,-46.06,-1.00,667.06,0.07
115,空头出场,2026-01-16 19:02,❌止损,4589.72,1.4,6403.544,-22.06,-0.34,6.27,0.10,-35.14,-0.55,645,0.06
115,空头进场,2026-01-16 18:02,②⚡追空,4573.96,1.4,6403.544,-22.06,-0.34,6.27,0.10,-35.14,-0.55,645,0.06
116,多头出场,2026-01-26 06:02,✅移动止盈,5065.07,1,4967.22,97.85,1.97,125.92,2.54,-8.85,-0.18,742.85,0.07
116,多头进场,2026-01-23 18:02,①挂多,4967.22,1,4967.22,97.85,1.97,125.92,2.54,-8.85,-0.18,742.85,0.07
117,多头出场,2026-01-26 21:02,❌止损,5032.59,1,5093.14,-60.55,-1.19,12.01,0.24,-60.55,-1.19,682.3,0.07
117,多头进场,2026-01-26 16:02,①挂多,5093.14,1,5093.14,-60.55,-1.19,12.01,0.24,-60.55,-1.19,682.3,0.07
118,空头出场,2026-01-26 23:02,✅移动止盈,5052.64,1.4,7053.172,-20.52,-0.29,5.15,0.07,-34.1,-0.48,661.78,0.07
118,空头进场,2026-01-26 22:02,②⚡追空,5037.98,1.4,7053.172,-20.52,-0.29,5.15,0.07,-34.1,-0.48,661.78,0.07
119,空头出场,2026-01-27 17:02,✅移动止盈,5060.69,1,5057.2,-3.49,-0.07,10.61,0.21,-3.49,-0.07,658.29,0.07
119,空头进场,2026-01-27 16:02,①挂空,5057.2,1,5057.2,-3.49,-0.07,10.61,0.21,-3.49,-0.07,658.29,0.07
120,多头出场,2026-01-27 23:02,✅移动止盈,5170.74,1,5100.87,69.87,1.37,86.55,1.70,-24.51,-0.48,728.16,0.07
120,多头进场,2026-01-27 18:02,①挂多,5100.87,1,5100.87,69.87,1.37,86.55,1.70,-24.51,-0.48,728.16,0.07
121,空头出场,2026-01-28 18:02,✅移动止盈,5278.88,1,5238.63,-40.25,-0.77,2.29,0.04,-40.39,-0.77,687.91,0.07
121,空头进场,2026-01-28 17:02,①挂空,5238.63,1,5238.63,-40.25,-0.77,2.29,0.04,-40.39,-0.77,687.91,0.07
122,多头出场,2026-01-29 02:02,✅移动止盈,5461.44,1,5311.49,149.95,2.82,286.71,5.40,-41.95,-0.79,837.86,0.08
122,多头进场,2026-01-28 20:02,①挂多,5311.49,1,5311.49,149.95,2.82,286.71,5.40,-41.95,-0.79,837.86,0.08
123,空头出场,2026-01-29 18:02,✅移动止盈,5211.4,1,5445.62,234.22,4.30,341.6,6.27,0,0.00,1072.08,0.11
123,空头进场,2026-01-29 17:02,①挂空,5445.62,1,5445.62,234.22,4.30,341.6,6.27,0,0.00,1072.08,0.11
124,空头出场,2026-01-30 20:02,✅移动止盈,4867.83,1,4942.86,75.03,1.52,141.77,2.87,0,0.00,1147.11,0.11
124,空头进场,2026-01-30 19:02,①挂空,4942.86,1,4942.86,75.03,1.52,141.77,2.87,0,0.00,1147.11,0.11
125,多头出场,2026-02-03 19:02,✅移动止盈,4956.2,1,4949.13,7.07,0.14,44.84,0.91,0,0.00,1154.18,0.12
125,多头进场,2026-02-03 18:02,①挂多,4949.13,1,4949.13,7.07,0.14,44.84,0.91,0,0.00,1154.18,0.12
126,空头出场,2026-02-03 22:02,✅移动止盈,4914.66,1,4884.24,-30.42,-0.62,3.39,0.07,-64.64,-1.32,1123.76,0.11
126,空头进场,2026-02-03 21:02,①挂空,4884.24,1,4884.24,-30.42,-0.62,3.39,0.07,-64.64,-1.32,1123.76,0.11
127,空头出场,2026-02-06 01:02,✅移动止盈,4762.4,1,4790.46,28.06,0.59,30.64,0.64,0,0.00,1151.82,0.12
127,空头进场,2026-02-05 23:02,①挂空,4790.46,1,4790.46,28.06,0.59,30.64,0.64,0,0.00,1151.82,0.12
128,多头出场,2026-02-11 14:02,✅移动止盈,5081.72,1,5046.58,35.14,0.70,72.48,1.44,-58.62,-1.16,1186.96,0.12
128,多头进场,2026-02-09 17:02,①挂多,5046.58,1,5046.58,35.14,0.70,72.48,1.44,-58.62,-1.16,1186.96,0.12
129,多头出场,2026-02-17 07:02,❌止损,4861.43,1,4997.22,-135.79,-2.72,48.88,0.98,-135.79,-2.72,1051.17,0.11
129,多头进场,2026-02-13 15:02,①挂多,4997.22,1,4997.22,-135.79,-2.72,48.88,0.98,-135.79,-2.72,1051.17,0.11
130,空头出场,2026-02-17 16:02,✅移动止盈,4861.43,1.4,6840.442,34.44,0.50,60.75,0.89,0,0.00,1085.61,0.11
130,空头进场,2026-02-17 15:02,②挂空(回),4886.03,1.4,6840.442,34.44,0.50,60.75,0.89,0,0.00,1085.61,0.11
131,多头出场,2026-02-20 17:02,✅移动止盈,5040.79,1,5021.98,18.81,0.37,42.03,0.84,-16.87,-0.34,1104.42,0.11
131,多头进场,2026-02-20 08:02,①挂多,5021.98,1,5021.98,18.81,0.37,42.03,0.84,-16.87,-0.34,1104.42,0.11
132,多头出场,2026-02-23 19:02,✅移动止盈,5194,1,5176.64,17.36,0.34,42.38,0.82,-0.76,-0.01,1121.78,0.11
132,多头进场,2026-02-23 16:02,①挂多,5176.64,1,5176.64,17.36,0.34,42.38,0.82,-0.76,-0.01,1121.78,0.11
133,多头出场,2026-02-24 02:02,✅移动止盈,5219.56,1,5219.02,0.54,0.01,30.74,0.59,-0.42,-0.01,1122.32,0.11
133,多头进场,2026-02-23 22:02,①挂多,5219.02,1,5219.02,0.54,0.01,30.74,0.59,-0.42,-0.01,1122.32,0.11
134,空头出场,2026-02-24 16:02,✅移动止盈,5123.36,1,5145.47,22.11,0.43,37.06,0.72,0,0.00,1144.43,0.11
134,空头进场,2026-02-24 15:02,①挂空,5145.47,1,5145.47,22.11,0.43,37.06,0.72,0,0.00,1144.43,0.11
135,空头出场,2026-02-25 17:02,✅移动止盈,5193.63,1,5172.28,-21.35,-0.41,13.1,0.25,-21.35,-0.41,1123.08,0.11
135,空头进场,2026-02-25 16:02,①挂空,5172.28,1,5172.28,-21.35,-0.41,13.1,0.25,-21.35,-0.41,1123.08,0.11
136,多头出场,2026-02-25 22:02,❌止损,5149.21,1,5210.6,-61.39,-1.18,7.05,0.14,-61.39,-1.18,1061.69,0.11
136,多头进场,2026-02-25 18:02,①挂多,5210.6,1,5210.6,-61.39,-1.18,7.05,0.14,-61.39,-1.18,1061.69,0.11
137,空头出场,2026-02-26 01:02,✅移动止盈,5172.09,1.4,7215.39,-25.54,-0.35,3.91,0.05,-27.54,-0.38,1036.15,0.10
137,空头进场,2026-02-25 23:02,②⚡追空,5153.85,1.4,7215.39,-25.54,-0.35,3.91,0.05,-27.54,-0.38,1036.15,0.10
138,多头出场,2026-03-02 02:02,✅移动止盈,5375.42,1,5257.59,117.83,2.24,135.91,2.59,-0.25,0.00,1153.98,0.12
138,多头进场,2026-02-27 22:02,①挂多,5257.59,1,5257.59,117.83,2.24,135.91,2.59,-0.25,0.00,1153.98,0.12
139,空头出场,2026-03-02 17:02,✅移动止盈,5323.98,1,5341.09,17.11,0.32,35.21,0.66,0,0.00,1171.09,0.12
139,空头进场,2026-03-02 16:02,①挂空,5341.09,1,5341.09,17.11,0.32,35.21,0.66,0,0.00,1171.09,0.12
140,空头出场,2026-03-04 18:02,✅移动止盈,5157.09,1,5147.94,-9.15,-0.18,17.16,0.33,-9.15,-0.18,1161.94,0.12
140,空头进场,2026-03-04 17:02,①挂空,5147.94,1,5147.94,-9.15,-0.18,17.16,0.33,-9.15,-0.18,1161.94,0.12